transactionId,amount,currency,merchantCountry,issuerCountry,region,cardType,cardBrand,cardPresence,channel,paymentChannel,mcc,threeDS,eci,authDate,clearingDate,clearingDelayDays,category,condition,feeRate,feeAmount,suggestionType,expectedImpact,difficulty,historicalSuccessRate,label_actualSavings,label_successfulRecommendation
T-1,932,RON,ES,RO,EEA,Credit,VISA,card_not_present,MOTO,MOTO,5732,False,07,2026-05-09T10:00:00,2026-05-10T10:00:00,1,Ecom Non-Secure Credit,3DS authentication,0.003,2.796,ENABLE_3DS,4.3782,LOW,0.63,4.3782,1
T-2,237,RON,DE,IT,EEA,Prepaid,VISA,card_not_present,eCommerce,eCommerce,5732,False,07,2026-05-21T10:00:00,2026-05-26T10:00:00,5,Ecom Secure Preferred Credit,MCC classification,0.0185,4.3845,FIX_MCC,0.5353,LOW,0.36,0.5353,1
T-3,812,RON,ES,FR,EEA,Debit,VISA,card_present,POS,POS,5732,False,07,2026-05-20T10:00:00,2026-05-22T10:00:00,2,Standard Credit,clearing time,0.002,1.624,OPTIMIZE_CLEARING,3.4016,LOW,0.8,3.4016,0
T-4,673,EUR,DE,FR,EEA,Debit,MASTERCARD,card_not_present,eCommerce,eCommerce,5812,False,07,2026-05-13T10:00:00,2026-05-15T10:00:00,2,Standard Credit,3DS authentication,0.015,10.095,ENABLE_3DS,4.8311,HIGH,0.35,4.8311,1
T-5,1421,RON,DE,RO,EEA,Commercial,MASTERCARD,card_not_present,MOTO,MOTO,5732,False,07,2026-05-08T10:00:00,2026-05-09T10:00:00,1,Ecom Non-Secure Credit,MCC classification,0.015,21.315,FIX_MCC,3.0386,HIGH,0.87,3.0386,0
T-6,2597,EUR,DE,DE,EEA,Commercial,MASTERCARD,card_not_present,MOTO,MOTO,5411,False,07,2026-05-16T10:00:00,2026-05-19T10:00:00,3,Ecom Non-Secure Credit,3DS authentication,0.025,64.925,ENABLE_3DS,16.3462,LOW,0.63,16.3462,1
T-7,764,EUR,ES,RO,EEA,Commercial,MASTERCARD,card_not_present,eCommerce,eCommerce,5812,False,07,2026-05-05T10:00:00,2026-05-10T10:00:00,5,Ecom Secure Preferred Credit,3DS authentication,0.003,2.292,ENABLE_3DS,6.0817,HIGH,0.86,6.0817,1
T-8,114,EUR,IT,DE,EEA,Credit,MASTERCARD,card_not_present,MOTO,MOTO,5812,True,05,2026-05-04T10:00:00,2026-05-09T10:00:00,5,Ecom Non-Secure Credit,MCC classification,0.0185,2.109,FIX_MCC,0.3708,HIGH,0.89,0.3708,1
T-9,2464,EUR,IT,RO,EU,Prepaid,MASTERCARD,card_not_present,MOTO,MOTO,5732,True,05,2026-05-20T10:00:00,2026-05-21T10:00:00,1,Ecom Non-Secure Credit,MCC classification,0.003,7.392,FIX_MCC,5.228,LOW,0.87,5.228,0
T-10,665,RON,DE,IT,EU,Prepaid,MASTERCARD,card_not_present,MOTO,MOTO,5732,False,07,2026-05-16T10:00:00,2026-05-23T10:00:00,7,Standard Credit,3DS authentication,0.002,1.33,ENABLE_3DS,5.9118,HIGH,0.75,5.9118,1
T-11,2573,RON,DE,RO,EEA,Credit,VISA,card_not_present,MOTO,MOTO,5812,True,05,2026-05-21T10:00:00,2026-05-23T10:00:00,2,Ecom Non-Secure Credit,clearing time,0.015,38.595,OPTIMIZE_CLEARING,12.0901,LOW,0.35,12.0901,1
T-12,502,RON,FR,IT,EU,Debit,MASTERCARD,card_not_present,eCommerce,eCommerce,5732,False,07,2026-05-02T10:00:00,2026-05-09T10:00:00,7,Ecom Secure Preferred Credit,3DS authentication,0.0125,6.275,ENABLE_3DS,2.1859,MEDIUM,0.42,2.1859,1
T-13,814,RON,IT,FR,EU,Debit,VISA,card_present,POS,POS,5732,True,05,2026-05-12T10:00:00,2026-05-15T10:00:00,3,Standard Credit,MCC classification,0.015,12.21,FIX_MCC,1.9545,MEDIUM,0.39,1.9545,0
T-14,1523,RON,RO,DE,EU,Commercial,MASTERCARD,card_present,POS,POS,5411,True,05,2026-05-08T10:00:00,2026-05-15T10:00:00,7,Ecom Non-Secure Credit,clearing time,0.002,3.046,OPTIMIZE_CLEARING,5.0707,MEDIUM,0.89,5.0707,0
T-15,1368,RON,FR,DE,EU,Credit,MASTERCARD,card_not_present,eCommerce,eCommerce,5732,True,05,2026-05-13T10:00:00,2026-05-15T10:00:00,2,Ecom Non-Secure Credit,clearing time,0.015,20.52,OPTIMIZE_CLEARING,3.9067,HIGH,0.61,3.9067,1
T-16,4370,RON,DE,IT,EU,Debit,VISA,card_not_present,eCommerce,eCommerce,5812,False,07,2026-05-17T10:00:00,2026-05-17T10:00:00,0,Ecom Non-Secure Credit,3DS authentication,0.003,13.11,ENABLE_3DS,18.9772,MEDIUM,0.73,18.9772,1
T-17,4650,EUR,DE,FR,EEA,Prepaid,VISA,card_present,POS,POS,5732,False,07,2026-05-09T10:00:00,2026-05-10T10:00:00,1,Ecom Secure Preferred Credit,MCC classification,0.025,116.25,FIX_MCC,14.6409,HIGH,0.95,14.6409,0
T-18,839,EUR,RO,DE,EEA,Prepaid,VISA,card_not_present,MOTO,MOTO,5411,False,07,2026-05-07T10:00:00,2026-05-11T10:00:00,4,Standard Credit,3DS authentication,0.0125,10.4875,ENABLE_3DS,3.9117,HIGH,0.5,3.9117,1
T-19,4353,RON,FR,RO,EU,Debit,MASTERCARD,card_not_present,MOTO,MOTO,5411,False,07,2026-05-18T10:00:00,2026-05-20T10:00:00,2,Standard Credit,3DS authentication,0.025,108.825,ENABLE_3DS,19.6666,LOW,0.77,19.6666,1
T-20,1687,EUR,FR,RO,EU,Prepaid,VISA,card_not_present,MOTO,MOTO,5812,True,05,2026-05-09T10:00:00,2026-05-13T10:00:00,4,Ecom Secure Preferred Credit,MCC classification,0.015,25.305,FIX_MCC,2.9579,LOW,0.78,2.9579,0
T-21,4539,EUR,ES,ES,EU,Commercial,VISA,card_present,POS,POS,5732,True,05,2026-05-18T10:00:00,2026-05-18T10:00:00,0,Ecom Secure Preferred Credit,MCC classification,0.002,9.078,FIX_MCC,5.5636,MEDIUM,0.88,5.5636,0
T-22,346,RON,DE,DE,EEA,Credit,VISA,card_not_present,eCommerce,eCommerce,5812,True,05,2026-05-08T10:00:00,2026-05-13T10:00:00,5,Ecom Secure Preferred Credit,clearing time,0.002,0.692,OPTIMIZE_CLEARING,1.0591,MEDIUM,0.82,1.0591,1
T-23,2052,EUR,FR,FR,EU,Debit,VISA,card_not_present,eCommerce,eCommerce,5812,True,05,2026-05-04T10:00:00,2026-05-07T10:00:00,3,Ecom Non-Secure Credit,clearing time,0.002,4.104,OPTIMIZE_CLEARING,9.3895,MEDIUM,0.51,9.3895,0
T-24,588,RON,FR,DE,EEA,Credit,VISA,card_present,POS,POS,5812,True,05,2026-05-21T10:00:00,2026-05-25T10:00:00,4,Ecom Secure Preferred Credit,clearing time,0.015,8.82,OPTIMIZE_CLEARING,2.3747,MEDIUM,0.77,2.3747,1
T-25,2589,RON,IT,RO,EU,Prepaid,MASTERCARD,card_not_present,MOTO,MOTO,5732,False,07,2026-05-17T10:00:00,2026-05-17T10:00:00,0,Standard Credit,clearing time,0.015,38.835,OPTIMIZE_CLEARING,12.1645,MEDIUM,0.71,12.1645,0
T-26,1040,RON,DE,IT,EEA,Debit,MASTERCARD,card_present,POS,POS,5411,False,07,2026-05-17T10:00:00,2026-05-19T10:00:00,2,Standard Credit,MCC classification,0.025,26.0,FIX_MCC,2.3142,LOW,0.5,2.3142,1
T-27,1741,EUR,DE,RO,EEA,Prepaid,VISA,card_not_present,MOTO,MOTO,5732,True,05,2026-05-20T10:00:00,2026-05-25T10:00:00,5,Standard Credit,clearing time,0.0125,21.7625,OPTIMIZE_CLEARING,5.9106,MEDIUM,0.45,5.9106,1
T-28,1651,RON,IT,IT,EU,Commercial,MASTERCARD,card_not_present,eCommerce,eCommerce,5411,False,07,2026-05-02T10:00:00,2026-05-03T10:00:00,1,Ecom Non-Secure Credit,3DS authentication,0.015,24.765,ENABLE_3DS,11.6501,LOW,0.73,11.6501,1
T-29,65,RON,ES,DE,EU,Commercial,VISA,card_present,POS,POS,5411,False,07,2026-05-08T10:00:00,2026-05-09T10:00:00,1,Standard Credit,3DS authentication,0.025,1.625,ENABLE_3DS,0.4283,HIGH,0.94,0.4283,1
T-30,4897,RON,IT,IT,EEA,Debit,MASTERCARD,card_present,POS,POS,5812,False,07,2026-05-20T10:00:00,2026-05-27T10:00:00,7,Ecom Secure Preferred Credit,clearing time,0.025,122.425,OPTIMIZE_CLEARING,22.8987,HIGH,0.46,22.8987,1
T-31,3623,RON,DE,DE,EU,Commercial,VISA,card_not_present,MOTO,MOTO,5812,False,07,2026-05-10T10:00:00,2026-05-11T10:00:00,1,Ecom Non-Secure Credit,3DS authentication,0.0125,45.2875,ENABLE_3DS,20.5759,LOW,0.57,20.5759,1
T-32,2730,EUR,IT,RO,EEA,Prepaid,MASTERCARD,card_present,POS,POS,5411,True,05,2026-05-14T10:00:00,2026-05-14T10:00:00,0,Standard Credit,MCC classification,0.003,8.19,FIX_MCC,9.5514,HIGH,0.78,9.5514,1
T-33,4961,EUR,FR,IT,EU,Commercial,VISA,card_present,POS,POS,5812,False,07,2026-05-08T10:00:00,2026-05-10T10:00:00,2,Standard Credit,3DS authentication,0.015,74.415,ENABLE_3DS,31.8903,LOW,0.89,31.8903,1
T-34,4868,RON,FR,IT,EEA,Debit,MASTERCARD,card_not_present,MOTO,MOTO,5411,True,05,2026-05-01T10:00:00,2026-05-01T10:00:00,0,Ecom Secure Preferred Credit,MCC classification,0.025,121.7,FIX_MCC,11.1275,MEDIUM,0.48,11.1275,1
T-35,3473,RON,RO,RO,EU,Debit,VISA,card_not_present,eCommerce,eCommerce,5812,True,05,2026-05-16T10:00:00,2026-05-16T10:00:00,0,Ecom Non-Secure Credit,clearing time,0.025,86.825,OPTIMIZE_CLEARING,12.5662,LOW,0.38,12.5662,1
T-36,957,RON,FR,RO,EU,Prepaid,MASTERCARD,card_not_present,eCommerce,eCommerce,5411,True,05,2026-05-15T10:00:00,2026-05-20T10:00:00,5,Standard Credit,MCC classification,0.0125,11.9625,FIX_MCC,3.1588,LOW,0.35,3.1588,0
T-37,2009,RON,ES,RO,EEA,Commercial,MASTERCARD,card_not_present,MOTO,MOTO,5732,False,07,2026-05-10T10:00:00,2026-05-17T10:00:00,7,Standard Credit,3DS authentication,0.025,50.225,ENABLE_3DS,14.0671,HIGH,0.52,14.0671,1
T-38,3461,EUR,DE,ES,EEA,Commercial,MASTERCARD,card_not_present,eCommerce,eCommerce,5411,True,05,2026-05-14T10:00:00,2026-05-16T10:00:00,2,Standard Credit,clearing time,0.025,86.525,OPTIMIZE_CLEARING,16.1792,HIGH,0.47,16.1792,1
T-39,2031,EUR,FR,RO,EEA,Prepaid,VISA,card_present,POS,POS,5411,False,07,2026-05-15T10:00:00,2026-05-16T10:00:00,1,Ecom Non-Secure Credit,3DS authentication,0.015,30.465,ENABLE_3DS,13.9108,MEDIUM,0.82,13.9108,1
T-40,2808,RON,IT,IT,EU,Commercial,MASTERCARD,card_not_present,MOTO,MOTO,5411,True,05,2026-05-09T10:00:00,2026-05-13T10:00:00,4,Ecom Non-Secure Credit,clearing time,0.002,5.616,OPTIMIZE_CLEARING,9.9681,LOW,0.49,9.9681,0
T-41,3332,EUR,FR,IT,EEA,Prepaid,MASTERCARD,card_not_present,eCommerce,eCommerce,5732,False,07,2026-05-10T10:00:00,2026-05-15T10:00:00,5,Ecom Non-Secure Credit,MCC classification,0.0185,61.642,FIX_MCC,7.0207,HIGH,0.43,7.0207,1
T-42,999,RON,DE,FR,EU,Prepaid,VISA,card_not_present,MOTO,MOTO,5411,False,07,2026-05-06T10:00:00,2026-05-07T10:00:00,1,Ecom Non-Secure Credit,MCC classification,0.003,2.997,FIX_MCC,3.2126,HIGH,0.65,3.2126,1
T-43,2267,EUR,RO,RO,EEA,Commercial,MASTERCARD,card_not_present,eCommerce,eCommerce,5411,False,07,2026-05-18T10:00:00,2026-05-20T10:00:00,2,Ecom Secure Preferred Credit,3DS authentication,0.025,56.675,ENABLE_3DS,19.7693,LOW,0.93,19.7693,1
T-44,2088,RON,ES,FR,EU,Debit,VISA,card_not_present,eCommerce,eCommerce,5812,True,05,2026-05-03T10:00:00,2026-05-06T10:00:00,3,Ecom Secure Preferred Credit,clearing time,0.015,31.32,OPTIMIZE_CLEARING,4.6401,HIGH,0.69,4.6401,0
T-45,1868,RON,ES,RO,EU,Debit,MASTERCARD,card_present,POS,POS,5812,False,07,2026-05-15T10:00:00,2026-05-18T10:00:00,3,Ecom Non-Secure Credit,MCC classification,0.0125,23.35,FIX_MCC,6.6884,LOW,0.46,6.6884,1
T-46,4541,EUR,FR,RO,EU,Prepaid,MASTERCARD,card_not_present,eCommerce,eCommerce,5812,False,07,2026-05-01T10:00:00,2026-05-04T10:00:00,3,Ecom Secure Preferred Credit,3DS authentication,0.015,68.115,ENABLE_3DS,33.8162,LOW,0.75,33.8162,1
T-47,2187,RON,RO,RO,EU,Prepaid,MASTERCARD,card_not_present,MOTO,MOTO,5411,False,07,2026-05-07T10:00:00,2026-05-10T10:00:00,3,Ecom Non-Secure Credit,MCC classification,0.002,4.374,FIX_MCC,5.7599,MEDIUM,0.75,5.7599,0
T-48,3317,EUR,ES,FR,EU,Credit,VISA,card_not_present,MOTO,MOTO,5812,False,07,2026-05-18T10:00:00,2026-05-21T10:00:00,3,Standard Credit,clearing time,0.015,49.755,OPTIMIZE_CLEARING,7.4345,HIGH,0.92,7.4345,0
T-49,2227,EUR,IT,RO,EEA,Prepaid,MASTERCARD,card_not_present,eCommerce,eCommerce,5411,True,05,2026-05-06T10:00:00,2026-05-09T10:00:00,3,Ecom Secure Preferred Credit,MCC classification,0.0185,41.1995,FIX_MCC,6.5797,HIGH,0.37,6.5797,1
T-50,1337,RON,FR,FR,EEA,Credit,MASTERCARD,card_present,POS,POS,5812,False,07,2026-05-16T10:00:00,2026-05-18T10:00:00,2,Ecom Non-Secure Credit,clearing time,0.025,33.425,OPTIMIZE_CLEARING,6.4652,HIGH,0.87,6.4652,0
T-51,3804,RON,DE,FR,EU,Prepaid,MASTERCARD,card_not_present,eCommerce,eCommerce,5812,False,07,2026-05-07T10:00:00,2026-05-11T10:00:00,4,Ecom Secure Preferred Credit,clearing time,0.0125,47.55,OPTIMIZE_CLEARING,14.7135,LOW,0.32,14.7135,1
T-52,1980,RON,IT,RO,EU,Commercial,MASTERCARD,card_not_present,eCommerce,eCommerce,5812,True,05,2026-05-10T10:00:00,2026-05-14T10:00:00,4,Standard Credit,MCC classification,0.002,3.96,FIX_MCC,5.2604,MEDIUM,0.57,5.2604,0
T-53,3972,EUR,IT,FR,EEA,Credit,MASTERCARD,card_not_present,eCommerce,eCommerce,5812,True,05,2026-05-15T10:00:00,2026-05-19T10:00:00,4,Ecom Secure Preferred Credit,clearing time,0.003,11.916,OPTIMIZE_CLEARING,12.5148,HIGH,0.68,12.5148,0
T-54,4031,EUR,IT,FR,EU,Debit,MASTERCARD,card_present,POS,POS,5732,False,07,2026-05-18T10:00:00,2026-05-21T10:00:00,3,Ecom Secure Preferred Credit,3DS authentication,0.0125,50.3875,ENABLE_3DS,22.8243,LOW,0.51,22.8243,1
T-55,3894,RON,ES,ES,EEA,Credit,MASTERCARD,card_present,POS,POS,5732,True,05,2026-05-13T10:00:00,2026-05-18T10:00:00,5,Standard Credit,MCC classification,0.025,97.35,FIX_MCC,15.3519,MEDIUM,0.31,15.3519,1
T-56,1200,EUR,RO,FR,EEA,Prepaid,MASTERCARD,card_not_present,MOTO,MOTO,5812,False,07,2026-05-05T10:00:00,2026-05-05T10:00:00,0,Ecom Non-Secure Credit,clearing time,0.015,18.0,OPTIMIZE_CLEARING,5.2135,HIGH,0.34,5.2135,1
T-57,2374,RON,IT,DE,EEA,Credit,VISA,card_not_present,MOTO,MOTO,5411,False,07,2026-05-03T10:00:00,2026-05-06T10:00:00,3,Ecom Non-Secure Credit,3DS authentication,0.002,4.748,ENABLE_3DS,18.5216,MEDIUM,0.53,18.5216,1
T-58,3548,RON,DE,DE,EU,Commercial,VISA,card_not_present,eCommerce,eCommerce,5411,False,07,2026-05-17T10:00:00,2026-05-20T10:00:00,3,Standard Credit,3DS authentication,0.0185,65.638,ENABLE_3DS,26.2871,LOW,0.45,26.2871,1
T-59,2100,EUR,FR,ES,EEA,Commercial,MASTERCARD,card_present,POS,POS,5411,True,05,2026-05-01T10:00:00,2026-05-08T10:00:00,7,Ecom Secure Preferred Credit,clearing time,0.015,31.5,OPTIMIZE_CLEARING,9.8776,LOW,0.95,9.8776,0
T-60,3978,EUR,RO,IT,EEA,Credit,VISA,card_not_present,eCommerce,eCommerce,5812,False,07,2026-05-13T10:00:00,2026-05-17T10:00:00,4,Standard Credit,3DS authentication,0.0125,49.725,ENABLE_3DS,27.345,MEDIUM,0.84,27.345,1
T-61,2364,EUR,DE,RO,EU,Prepaid,MASTERCARD,card_not_present,MOTO,MOTO,5732,False,07,2026-05-12T10:00:00,2026-05-13T10:00:00,1,Standard Credit,3DS authentication,0.025,59.1,ENABLE_3DS,11.7034,MEDIUM,0.78,11.7034,1
T-62,758,RON,FR,IT,EEA,Prepaid,VISA,card_present,POS,POS,5411,False,07,2026-05-14T10:00:00,2026-05-15T10:00:00,1,Ecom Non-Secure Credit,clearing time,0.003,2.274,OPTIMIZE_CLEARING,1.8165,LOW,0.79,1.8165,1
T-63,1868,EUR,ES,RO,EEA,Prepaid,MASTERCARD,card_not_present,MOTO,MOTO,5812,True,05,2026-05-13T10:00:00,2026-05-20T10:00:00,7,Ecom Secure Preferred Credit,MCC classification,0.0185,34.558,FIX_MCC,3.9178,HIGH,0.91,3.9178,1
T-64,907,RON,IT,FR,EEA,Credit,VISA,card_not_present,eCommerce,eCommerce,5732,True,05,2026-05-16T10:00:00,2026-05-16T10:00:00,0,Ecom Non-Secure Credit,MCC classification,0.0185,16.7795,FIX_MCC,3.313,MEDIUM,0.95,3.313,1
T-65,971,EUR,ES,DE,EEA,Credit,MASTERCARD,card_not_present,eCommerce,eCommerce,5812,False,07,2026-05-18T10:00:00,2026-05-19T10:00:00,1,Ecom Secure Preferred Credit,3DS authentication,0.015,14.565,ENABLE_3DS,6.0864,MEDIUM,0.32,6.0864,1
T-66,3055,EUR,ES,FR,EU,Commercial,MASTERCARD,card_present,POS,POS,5732,False,07,2026-05-15T10:00:00,2026-05-16T10:00:00,1,Ecom Non-Secure Credit,3DS authentication,0.0125,38.1875,ENABLE_3DS,13.7376,MEDIUM,0.36,13.7376,1
T-67,1757,RON,RO,ES,EU,Debit,VISA,card_not_present,MOTO,MOTO,5411,True,05,2026-05-20T10:00:00,2026-05-20T10:00:00,0,Ecom Non-Secure Credit,MCC classification,0.002,3.514,FIX_MCC,5.9042,HIGH,0.3,5.9042,0
T-68,1205,RON,DE,RO,EEA,Debit,MASTERCARD,card_not_present,MOTO,MOTO,5732,False,07,2026-05-09T10:00:00,2026-05-16T10:00:00,7,Ecom Non-Secure Credit,3DS authentication,0.003,3.615,ENABLE_3DS,5.4823,MEDIUM,0.33,5.4823,1
T-69,3468,RON,ES,RO,EEA,Commercial,VISA,card_not_present,eCommerce,eCommerce,5732,False,07,2026-05-03T10:00:00,2026-05-06T10:00:00,3,Ecom Secure Preferred Credit,MCC classification,0.015,52.02,FIX_MCC,11.5625,MEDIUM,0.58,11.5625,0
T-70,904,RON,FR,ES,EEA,Commercial,MASTERCARD,card_not_present,MOTO,MOTO,5411,True,05,2026-05-15T10:00:00,2026-05-15T10:00:00,0,Standard Credit,clearing time,0.002,1.808,OPTIMIZE_CLEARING,2.6816,HIGH,0.58,2.6816,0
T-71,957,EUR,IT,IT,EEA,Credit,MASTERCARD,card_not_present,MOTO,MOTO,5411,False,07,2026-05-18T10:00:00,2026-05-23T10:00:00,5,Ecom Secure Preferred Credit,MCC classification,0.003,2.871,FIX_MCC,2.1917,HIGH,0.47,2.1917,0
T-72,1270,RON,ES,RO,EEA,Credit,MASTERCARD,card_present,POS,POS,5411,False,07,2026-05-03T10:00:00,2026-05-03T10:00:00,0,Standard Credit,MCC classification,0.002,2.54,FIX_MCC,1.6252,MEDIUM,0.86,1.6252,0
T-73,441,EUR,DE,RO,EEA,Prepaid,VISA,card_not_present,MOTO,MOTO,5411,True,05,2026-05-10T10:00:00,2026-05-12T10:00:00,2,Standard Credit,clearing time,0.002,0.882,OPTIMIZE_CLEARING,1.6466,LOW,0.82,1.6466,0
T-74,4615,RON,FR,FR,EEA,Prepaid,VISA,card_not_present,MOTO,MOTO,5732,True,05,2026-05-21T10:00:00,2026-05-25T10:00:00,4,Ecom Non-Secure Credit,MCC classification,0.002,9.23,FIX_MCC,13.0465,HIGH,0.73,13.0465,1
T-75,590,RON,IT,IT,EEA,Prepaid,VISA,card_not_present,MOTO,MOTO,5411,False,07,2026-05-21T10:00:00,2026-05-21T10:00:00,0,Ecom Secure Preferred Credit,3DS authentication,0.002,1.18,ENABLE_3DS,4.561,HIGH,0.51,4.561,1
T-76,4669,EUR,IT,IT,EEA,Commercial,MASTERCARD,card_not_present,eCommerce,eCommerce,5411,True,05,2026-05-02T10:00:00,2026-05-03T10:00:00,1,Ecom Non-Secure Credit,MCC classification,0.003,14.007,FIX_MCC,15.2364,HIGH,0.37,15.2364,0
T-77,3541,RON,DE,IT,EU,Credit,VISA,card_present,POS,POS,5411,False,07,2026-05-19T10:00:00,2026-05-22T10:00:00,3,Ecom Non-Secure Credit,3DS authentication,0.0185,65.5085,ENABLE_3DS,25.9756,LOW,0.8,25.9756,1
T-78,2391,RON,ES,ES,EEA,Credit,MASTERCARD,card_not_present,eCommerce,eCommerce,5812,False,07,2026-05-01T10:00:00,2026-05-04T10:00:00,3,Ecom Non-Secure Credit,clearing time,0.025,59.775,OPTIMIZE_CLEARING,7.8711,MEDIUM,0.31,7.8711,0
T-79,657,RON,IT,RO,EEA,Debit,MASTERCARD,card_not_present,MOTO,MOTO,5812,False,07,2026-05-14T10:00:00,2026-05-18T10:00:00,4,Ecom Secure Preferred Credit,clearing time,0.015,9.855,OPTIMIZE_CLEARING,2.7124,LOW,0.58,2.7124,1
T-80,887,EUR,FR,DE,EEA,Debit,VISA,card_present,POS,POS,5812,False,07,2026-05-19T10:00:00,2026-05-22T10:00:00,3,Standard Credit,3DS authentication,0.0185,16.4095,ENABLE_3DS,3.8968,LOW,0.64,3.8968,1
T-81,1608,RON,DE,ES,EU,Credit,VISA,card_present,POS,POS,5812,False,07,2026-05-21T10:00:00,2026-05-28T10:00:00,7,Ecom Secure Preferred Credit,clearing time,0.003,4.824,OPTIMIZE_CLEARING,4.3558,MEDIUM,0.79,4.3558,0
T-82,4767,RON,IT,RO,EEA,Commercial,MASTERCARD,card_not_present,MOTO,MOTO,5411,False,07,2026-05-19T10:00:00,2026-05-24T10:00:00,5,Standard Credit,clearing time,0.025,119.175,OPTIMIZE_CLEARING,23.6424,LOW,0.53,23.6424,1
T-83,627,RON,ES,ES,EEA,Commercial,VISA,card_present,POS,POS,5411,True,05,2026-05-15T10:00:00,2026-05-15T10:00:00,0,Standard Credit,clearing time,0.002,1.254,OPTIMIZE_CLEARING,1.9476,HIGH,0.42,1.9476,1
T-84,4976,RON,RO,DE,EEA,Commercial,VISA,card_not_present,MOTO,MOTO,5411,True,05,2026-05-05T10:00:00,2026-05-05T10:00:00,0,Ecom Secure Preferred Credit,clearing time,0.015,74.64,OPTIMIZE_CLEARING,11.4971,MEDIUM,0.55,11.4971,1
T-85,2791,RON,ES,IT,EEA,Prepaid,VISA,card_not_present,MOTO,MOTO,5411,False,07,2026-05-02T10:00:00,2026-05-09T10:00:00,7,Ecom Non-Secure Credit,MCC classification,0.025,69.775,FIX_MCC,8.2109,HIGH,0.73,8.2109,0
T-86,2885,EUR,FR,DE,EU,Commercial,MASTERCARD,card_not_present,MOTO,MOTO,5732,False,07,2026-05-13T10:00:00,2026-05-14T10:00:00,1,Ecom Secure Preferred Credit,clearing time,0.0185,53.3725,OPTIMIZE_CLEARING,11.905,MEDIUM,0.42,11.905,0
T-87,1774,RON,FR,ES,EU,Commercial,VISA,card_present,POS,POS,5732,True,05,2026-05-07T10:00:00,2026-05-08T10:00:00,1,Ecom Non-Secure Credit,clearing time,0.003,5.322,OPTIMIZE_CLEARING,4.3726,HIGH,0.8,4.3726,1
T-88,1376,EUR,IT,DE,EU,Prepaid,MASTERCARD,card_present,POS,POS,5732,False,07,2026-05-02T10:00:00,2026-05-05T10:00:00,3,Ecom Secure Preferred Credit,MCC classification,0.0125,17.2,FIX_MCC,4.168,HIGH,0.92,4.168,0
T-89,3629,RON,FR,RO,EEA,Prepaid,VISA,card_present,POS,POS,5812,True,05,2026-05-13T10:00:00,2026-05-17T10:00:00,4,Standard Credit,clearing time,0.0185,67.1365,OPTIMIZE_CLEARING,11.816,LOW,0.49,11.816,0
T-90,1333,EUR,RO,IT,EU,Commercial,MASTERCARD,card_present,POS,POS,5732,False,07,2026-05-17T10:00:00,2026-05-18T10:00:00,1,Ecom Secure Preferred Credit,clearing time,0.015,19.995,OPTIMIZE_CLEARING,3.0328,LOW,0.54,3.0328,0
T-91,250,RON,IT,IT,EU,Credit,VISA,card_not_present,eCommerce,eCommerce,5411,False,07,2026-05-21T10:00:00,2026-05-23T10:00:00,2,Ecom Non-Secure Credit,clearing time,0.003,0.75,OPTIMIZE_CLEARING,0.6032,LOW,0.66,0.6032,1
T-92,4343,EUR,RO,RO,EEA,Credit,VISA,card_not_present,eCommerce,eCommerce,5812,False,07,2026-05-10T10:00:00,2026-05-11T10:00:00,1,Ecom Non-Secure Credit,clearing time,0.0125,54.2875,OPTIMIZE_CLEARING,10.2736,MEDIUM,0.58,10.2736,0
T-93,2910,EUR,RO,ES,EU,Commercial,MASTERCARD,card_not_present,MOTO,MOTO,5732,False,07,2026-05-14T10:00:00,2026-05-15T10:00:00,1,Standard Credit,3DS authentication,0.025,72.75,ENABLE_3DS,21.3625,MEDIUM,0.94,21.3625,1
T-94,2097,RON,RO,FR,EEA,Debit,MASTERCARD,card_not_present,eCommerce,eCommerce,5812,False,07,2026-05-12T10:00:00,2026-05-19T10:00:00,7,Ecom Secure Preferred Credit,MCC classification,0.002,4.194,FIX_MCC,4.2662,HIGH,0.42,4.2662,0
T-95,1124,RON,RO,FR,EEA,Commercial,MASTERCARD,card_not_present,MOTO,MOTO,5411,False,07,2026-05-15T10:00:00,2026-05-15T10:00:00,0,Ecom Non-Secure Credit,3DS authentication,0.0125,14.05,ENABLE_3DS,5.6289,HIGH,0.42,5.6289,1
T-96,2944,EUR,IT,IT,EEA,Prepaid,VISA,card_not_present,MOTO,MOTO,5411,False,07,2026-05-11T10:00:00,2026-05-13T10:00:00,2,Standard Credit,3DS authentication,0.002,5.888,ENABLE_3DS,23.5423,MEDIUM,0.54,23.5423,1
T-97,4273,EUR,RO,RO,EEA,Prepaid,MASTERCARD,card_not_present,eCommerce,eCommerce,5411,False,07,2026-05-14T10:00:00,2026-05-14T10:00:00,0,Standard Credit,clearing time,0.015,64.095,OPTIMIZE_CLEARING,16.2688,HIGH,0.58,16.2688,0
T-98,3656,RON,RO,IT,EEA,Debit,VISA,card_present,POS,POS,5732,False,07,2026-05-02T10:00:00,2026-05-07T10:00:00,5,Standard Credit,clearing time,0.0125,45.7,OPTIMIZE_CLEARING,14.0557,HIGH,0.81,14.0557,1
T-99,305,EUR,ES,RO,EU,Commercial,MASTERCARD,card_not_present,eCommerce,eCommerce,5411,False,07,2026-05-08T10:00:00,2026-05-15T10:00:00,7,Ecom Secure Preferred Credit,3DS authentication,0.025,7.625,ENABLE_3DS,1.7787,LOW,0.67,1.7787,1
T-100,4357,RON,IT,ES,EEA,Credit,MASTERCARD,card_present,POS,POS,5411,True,05,2026-05-11T10:00:00,2026-05-16T10:00:00,5,Standard Credit,clearing time,0.0125,54.4625,OPTIMIZE_CLEARING,11.9767,MEDIUM,0.44,11.9767,0
T-101,2359,EUR,RO,FR,EEA,Credit,MASTERCARD,card_present,POS,POS,5411,True,05,2026-05-07T10:00:00,2026-05-07T10:00:00,0,Ecom Non-Secure Credit,MCC classification,0.003,7.077,FIX_MCC,8.3945,HIGH,0.76,8.3945,1
T-102,1446,RON,FR,ES,EEA,Commercial,VISA,card_not_present,MOTO,MOTO,5812,False,07,2026-05-08T10:00:00,2026-05-08T10:00:00,0,Ecom Non-Secure Credit,clearing time,0.003,4.338,OPTIMIZE_CLEARING,6.328,LOW,0.5,6.328,0
T-103,3941,EUR,IT,ES,EEA,Debit,VISA,card_present,POS,POS,5732,True,05,2026-05-14T10:00:00,2026-05-21T10:00:00,7,Ecom Secure Preferred Credit,MCC classification,0.0185,72.9085,FIX_MCC,4.813,HIGH,0.89,4.813,1
T-104,473,RON,FR,ES,EEA,Credit,MASTERCARD,card_not_present,MOTO,MOTO,5732,False,07,2026-05-05T10:00:00,2026-05-07T10:00:00,2,Standard Credit,3DS authentication,0.003,1.419,ENABLE_3DS,2.2751,HIGH,0.48,2.2751,1
T-105,2500,EUR,ES,RO,EU,Credit,VISA,card_not_present,MOTO,MOTO,5812,True,05,2026-05-03T10:00:00,2026-05-07T10:00:00,4,Standard Credit,MCC classification,0.025,62.5,FIX_MCC,3.7648,MEDIUM,0.72,3.7648,0
T-106,4706,EUR,DE,IT,EEA,Commercial,VISA,card_not_present,MOTO,MOTO,5812,False,07,2026-05-21T10:00:00,2026-05-21T10:00:00,0,Ecom Non-Secure Credit,clearing time,0.015,70.59,OPTIMIZE_CLEARING,21.9629,LOW,0.59,21.9629,1
T-107,3986,EUR,DE,FR,EU,Prepaid,VISA,card_not_present,eCommerce,eCommerce,5411,False,07,2026-05-11T10:00:00,2026-05-15T10:00:00,4,Ecom Non-Secure Credit,clearing time,0.003,11.958,OPTIMIZE_CLEARING,11.7099,MEDIUM,0.59,11.7099,1
T-108,1174,RON,FR,ES,EEA,Debit,VISA,card_not_present,eCommerce,eCommerce,5411,False,07,2026-05-10T10:00:00,2026-05-13T10:00:00,3,Standard Credit,3DS authentication,0.0185,21.719,ENABLE_3DS,7.1505,MEDIUM,0.62,7.1505,1
T-109,2547,EUR,RO,RO,EEA,Commercial,MASTERCARD,card_not_present,eCommerce,eCommerce,5411,True,05,2026-05-03T10:00:00,2026-05-06T10:00:00,3,Standard Credit,clearing time,0.0185,47.1195,OPTIMIZE_CLEARING,8.5877,LOW,0.85,8.5877,0
T-110,3550,EUR,RO,ES,EU,Prepaid,MASTERCARD,card_present,POS,POS,5732,False,07,2026-05-12T10:00:00,2026-05-19T10:00:00,7,Ecom Secure Preferred Credit,3DS authentication,0.015,53.25,ENABLE_3DS,20.6954,HIGH,0.59,20.6954,1
T-111,4524,EUR,ES,FR,EU,Debit,MASTERCARD,card_not_present,MOTO,MOTO,5812,False,07,2026-05-20T10:00:00,2026-05-20T10:00:00,0,Ecom Non-Secure Credit,clearing time,0.003,13.572,OPTIMIZE_CLEARING,22.2818,LOW,0.33,22.2818,1
T-112,2748,EUR,DE,IT,EEA,Prepaid,MASTERCARD,card_not_present,MOTO,MOTO,5812,False,07,2026-05-15T10:00:00,2026-05-16T10:00:00,1,Standard Credit,clearing time,0.0185,50.838,OPTIMIZE_CLEARING,12.859,MEDIUM,0.61,12.859,0
T-113,156,EUR,ES,ES,EU,Credit,MASTERCARD,card_present,POS,POS,5732,False,07,2026-05-04T10:00:00,2026-05-07T10:00:00,3,Standard Credit,clearing time,0.0185,2.886,OPTIMIZE_CLEARING,0.456,HIGH,0.77,0.456,0
T-114,3134,RON,DE,RO,EEA,Prepaid,MASTERCARD,card_not_present,MOTO,MOTO,5732,False,07,2026-05-08T10:00:00,2026-05-08T10:00:00,0,Ecom Secure Preferred Credit,3DS authentication,0.0185,57.979,ENABLE_3DS,27.3944,HIGH,0.43,27.3944,1
T-115,4130,EUR,FR,DE,EEA,Prepaid,MASTERCARD,card_present,POS,POS,5812,False,07,2026-05-02T10:00:00,2026-05-07T10:00:00,5,Standard Credit,MCC classification,0.003,12.39,FIX_MCC,10.5565,HIGH,0.72,10.5565,1
T-116,2185,EUR,DE,IT,EEA,Commercial,MASTERCARD,card_present,POS,POS,5812,False,07,2026-05-07T10:00:00,2026-05-08T10:00:00,1,Standard Credit,MCC classification,0.0125,27.3125,FIX_MCC,5.8433,MEDIUM,0.49,5.8433,0
T-117,4717,RON,FR,RO,EEA,Commercial,MASTERCARD,card_not_present,MOTO,MOTO,5812,False,07,2026-05-13T10:00:00,2026-05-16T10:00:00,3,Ecom Secure Preferred Credit,MCC classification,0.0125,58.9625,FIX_MCC,18.2257,LOW,0.43,18.2257,0
T-118,4432,RON,ES,DE,EU,Credit,VISA,card_not_present,MOTO,MOTO,5411,True,05,2026-05-09T10:00:00,2026-05-10T10:00:00,1,Ecom Secure Preferred Credit,clearing time,0.002,8.864,OPTIMIZE_CLEARING,17.05,HIGH,0.61,17.05,0
T-119,1146,EUR,IT,DE,EEA,Prepaid,MASTERCARD,card_not_present,MOTO,MOTO,5812,False,07,2026-05-06T10:00:00,2026-05-09T10:00:00,3,Ecom Non-Secure Credit,3DS authentication,0.025,28.65,ENABLE_3DS,9.9417,LOW,0.72,9.9417,1
T-120,1922,EUR,IT,DE,EEA,Credit,VISA,card_not_present,MOTO,MOTO,5411,True,05,2026-05-02T10:00:00,2026-05-03T10:00:00,1,Standard Credit,MCC classification,0.015,28.83,FIX_MCC,7.009,HIGH,0.37,7.009,0
T-121,2764,EUR,DE,RO,EEA,Debit,MASTERCARD,card_present,POS,POS,5812,False,07,2026-05-21T10:00:00,2026-05-25T10:00:00,4,Ecom Secure Preferred Credit,clearing time,0.0185,51.134,OPTIMIZE_CLEARING,9.6235,HIGH,0.42,9.6235,0
T-122,2781,EUR,RO,IT,EU,Debit,VISA,card_not_present,MOTO,MOTO,5411,False,07,2026-05-07T10:00:00,2026-05-08T10:00:00,1,Ecom Secure Preferred Credit,clearing time,0.0185,51.4485,OPTIMIZE_CLEARING,12.7048,LOW,0.3,12.7048,1
T-123,3162,RON,FR,FR,EU,Credit,VISA,card_present,POS,POS,5411,False,07,2026-05-09T10:00:00,2026-05-11T10:00:00,2,Ecom Secure Preferred Credit,3DS authentication,0.0125,39.525,ENABLE_3DS,21.8567,LOW,0.56,21.8567,1
T-124,4136,RON,IT,DE,EEA,Prepaid,MASTERCARD,card_present,POS,POS,5812,True,05,2026-05-04T10:00:00,2026-05-09T10:00:00,5,Standard Credit,MCC classification,0.0125,51.7,FIX_MCC,8.6965,MEDIUM,0.79,8.6965,0
T-125,1809,EUR,RO,ES,EU,Credit,VISA,card_not_present,MOTO,MOTO,5812,False,07,2026-05-20T10:00:00,2026-05-27T10:00:00,7,Standard Credit,3DS authentication,0.002,3.618,ENABLE_3DS,11.9892,LOW,0.41,11.9892,1
T-126,4282,EUR,DE,ES,EEA,Commercial,VISA,card_not_present,eCommerce,eCommerce,5812,True,05,2026-05-07T10:00:00,2026-05-12T10:00:00,5,Ecom Secure Preferred Credit,clearing time,0.0185,79.217,OPTIMIZE_CLEARING,14.8435,HIGH,0.82,14.8435,1
T-127,198,EUR,RO,ES,EU,Credit,MASTERCARD,card_present,POS,POS,5732,False,07,2026-05-01T10:00:00,2026-05-06T10:00:00,5,Ecom Secure Preferred Credit,clearing time,0.003,0.594,OPTIMIZE_CLEARING,0.7395,MEDIUM,0.42,0.7395,0
T-128,1129,EUR,IT,RO,EU,Prepaid,VISA,card_not_present,MOTO,MOTO,5732,False,07,2026-05-21T10:00:00,2026-05-24T10:00:00,3,Standard Credit,MCC classification,0.0125,14.1125,FIX_MCC,4.4918,MEDIUM,0.64,4.4918,1
T-129,1844,EUR,ES,IT,EU,Debit,MASTERCARD,card_not_present,eCommerce,eCommerce,5411,False,07,2026-05-10T10:00:00,2026-05-13T10:00:00,3,Ecom Non-Secure Credit,3DS authentication,0.025,46.1,ENABLE_3DS,14.006,MEDIUM,0.42,14.006,1
T-130,944,RON,RO,ES,EU,Commercial,VISA,card_not_present,MOTO,MOTO,5732,False,07,2026-05-14T10:00:00,2026-05-18T10:00:00,4,Standard Credit,3DS authentication,0.002,1.888,ENABLE_3DS,4.9119,LOW,0.56,4.9119,1
T-131,1939,EUR,DE,FR,EU,Debit,MASTERCARD,card_not_present,eCommerce,eCommerce,5411,False,07,2026-05-02T10:00:00,2026-05-03T10:00:00,1,Ecom Secure Preferred Credit,MCC classification,0.0185,35.8715,FIX_MCC,7.7181,LOW,0.66,7.7181,0
T-132,4866,EUR,ES,FR,EEA,Commercial,VISA,card_not_present,eCommerce,eCommerce,5411,False,07,2026-05-21T10:00:00,2026-05-26T10:00:00,5,Ecom Secure Preferred Credit,MCC classification,0.015,72.99,FIX_MCC,12.9803,LOW,0.79,12.9803,0
T-133,3899,EUR,RO,ES,EEA,Commercial,VISA,card_not_present,eCommerce,eCommerce,5411,False,07,2026-05-10T10:00:00,2026-05-17T10:00:00,7,Ecom Non-Secure Credit,3DS authentication,0.025,97.475,ENABLE_3DS,18.4101,MEDIUM,0.43,18.4101,1
T-134,667,EUR,ES,ES,EU,Credit,VISA,card_present,POS,POS,5812,False,07,2026-05-03T10:00:00,2026-05-07T10:00:00,4,Standard Credit,clearing time,0.025,16.675,OPTIMIZE_CLEARING,2.9936,HIGH,0.66,2.9936,0
T-135,3947,RON,IT,DE,EU,Commercial,VISA,card_present,POS,POS,5812,False,07,2026-05-10T10:00:00,2026-05-10T10:00:00,0,Ecom Secure Preferred Credit,3DS authentication,0.003,11.841,ENABLE_3DS,34.2828,MEDIUM,0.55,34.2828,1
T-136,4391,RON,IT,FR,EU,Prepaid,MASTERCARD,card_present,POS,POS,5411,False,07,2026-05-10T10:00:00,2026-05-12T10:00:00,2,Ecom Non-Secure Credit,MCC classification,0.0125,54.8875,FIX_MCC,11.1463,HIGH,0.86,11.1463,1
T-137,1215,EUR,DE,DE,EEA,Debit,MASTERCARD,card_present,POS,POS,5812,False,07,2026-05-18T10:00:00,2026-05-22T10:00:00,4,Ecom Non-Secure Credit,3DS authentication,0.0185,22.4775,ENABLE_3DS,9.2341,MEDIUM,0.66,9.2341,1
T-138,2785,RON,ES,IT,EU,Credit,VISA,card_present,POS,POS,5732,True,05,2026-05-21T10:00:00,2026-05-26T10:00:00,5,Standard Credit,clearing time,0.015,41.775,OPTIMIZE_CLEARING,9.4202,LOW,0.8,9.4202,1
T-139,3398,RON,ES,IT,EEA,Credit,MASTERCARD,card_not_present,MOTO,MOTO,5812,False,07,2026-05-08T10:00:00,2026-05-08T10:00:00,0,Ecom Secure Preferred Credit,3DS authentication,0.025,84.95,ENABLE_3DS,16.158,LOW,0.3,16.158,1
T-140,4539,EUR,DE,RO,EU,Debit,VISA,card_not_present,eCommerce,eCommerce,5732,True,05,2026-05-01T10:00:00,2026-05-05T10:00:00,4,Standard Credit,clearing time,0.025,113.475,OPTIMIZE_CLEARING,12.8191,HIGH,0.46,12.8191,1
T-141,2923,EUR,RO,RO,EU,Commercial,MASTERCARD,card_present,POS,POS,5411,True,05,2026-05-03T10:00:00,2026-05-05T10:00:00,2,Standard Credit,clearing time,0.015,43.845,OPTIMIZE_CLEARING,9.871,MEDIUM,0.34,9.871,0
T-142,97,RON,DE,DE,EEA,Prepaid,VISA,card_not_present,eCommerce,eCommerce,5732,True,05,2026-05-03T10:00:00,2026-05-06T10:00:00,3,Standard Credit,MCC classification,0.015,1.455,FIX_MCC,0.2847,MEDIUM,0.88,0.2847,1
T-143,4636,EUR,RO,FR,EU,Debit,MASTERCARD,card_not_present,eCommerce,eCommerce,5812,True,05,2026-05-06T10:00:00,2026-05-13T10:00:00,7,Standard Credit,MCC classification,0.0125,57.95,FIX_MCC,4.8538,MEDIUM,0.55,4.8538,0
T-144,1166,EUR,DE,RO,EEA,Commercial,MASTERCARD,card_not_present,MOTO,MOTO,5732,True,05,2026-05-03T10:00:00,2026-05-07T10:00:00,4,Standard Credit,MCC classification,0.025,29.15,FIX_MCC,4.5742,MEDIUM,0.81,4.5742,0
T-145,3710,EUR,DE,RO,EU,Prepaid,VISA,card_not_present,eCommerce,eCommerce,5411,True,05,2026-05-12T10:00:00,2026-05-16T10:00:00,4,Standard Credit,clearing time,0.015,55.65,OPTIMIZE_CLEARING,12.2265,HIGH,0.4,12.2265,1
T-146,3211,EUR,RO,DE,EU,Debit,MASTERCARD,card_present,POS,POS,5411,False,07,2026-05-04T10:00:00,2026-05-04T10:00:00,0,Standard Credit,clearing time,0.002,6.422,OPTIMIZE_CLEARING,15.5055,HIGH,0.63,15.5055,1
T-147,866,EUR,IT,RO,EEA,Commercial,MASTERCARD,card_not_present,eCommerce,eCommerce,5732,False,07,2026-05-12T10:00:00,2026-05-16T10:00:00,4,Standard Credit,3DS authentication,0.002,1.732,ENABLE_3DS,6.0487,HIGH,0.89,6.0487,1
T-148,2008,EUR,IT,DE,EU,Debit,MASTERCARD,card_not_present,MOTO,MOTO,5411,False,07,2026-05-06T10:00:00,2026-05-11T10:00:00,5,Ecom Secure Preferred Credit,MCC classification,0.015,30.12,FIX_MCC,3.0291,MEDIUM,0.61,3.0291,1
T-149,650,RON,DE,FR,EU,Commercial,MASTERCARD,card_present,POS,POS,5812,False,07,2026-05-08T10:00:00,2026-05-13T10:00:00,5,Ecom Secure Preferred Credit,clearing time,0.025,16.25,OPTIMIZE_CLEARING,2.2668,MEDIUM,0.59,2.2668,0
T-150,3547,EUR,DE,IT,EEA,Prepaid,MASTERCARD,card_not_present,MOTO,MOTO,5812,False,07,2026-05-05T10:00:00,2026-05-07T10:00:00,2,Ecom Non-Secure Credit,MCC classification,0.0125,44.3375,FIX_MCC,9.9658,MEDIUM,0.54,9.9658,0
T-151,3238,EUR,DE,IT,EEA,Credit,MASTERCARD,card_not_present,eCommerce,eCommerce,5812,True,05,2026-05-19T10:00:00,2026-05-20T10:00:00,1,Ecom Secure Preferred Credit,clearing time,0.0185,59.903,OPTIMIZE_CLEARING,16.1634,LOW,0.71,16.1634,0
T-152,2002,EUR,ES,IT,EEA,Credit,MASTERCARD,card_not_present,MOTO,MOTO,5812,False,07,2026-05-05T10:00:00,2026-05-10T10:00:00,5,Standard Credit,clearing time,0.015,30.03,OPTIMIZE_CLEARING,8.7432,HIGH,0.71,8.7432,0
T-153,716,EUR,FR,IT,EU,Credit,VISA,card_not_present,eCommerce,eCommerce,5411,False,07,2026-05-12T10:00:00,2026-05-13T10:00:00,1,Ecom Non-Secure Credit,3DS authentication,0.025,17.9,ENABLE_3DS,5.0574,HIGH,0.79,5.0574,1
T-154,4591,EUR,RO,IT,EU,Prepaid,MASTERCARD,card_not_present,MOTO,MOTO,5732,True,05,2026-05-19T10:00:00,2026-05-20T10:00:00,1,Ecom Non-Secure Credit,MCC classification,0.015,68.865,FIX_MCC,9.7437,HIGH,0.39,9.7437,1
T-155,2575,EUR,FR,RO,EEA,Credit,VISA,card_present,POS,POS,5732,False,07,2026-05-07T10:00:00,2026-05-11T10:00:00,4,Ecom Secure Preferred Credit,clearing time,0.015,38.625,OPTIMIZE_CLEARING,7.8406,HIGH,0.37,7.8406,0
T-156,1366,RON,IT,DE,EU,Commercial,MASTERCARD,card_not_present,eCommerce,eCommerce,5732,False,07,2026-05-17T10:00:00,2026-05-18T10:00:00,1,Standard Credit,MCC classification,0.0185,25.271,FIX_MCC,2.0222,HIGH,0.87,2.0222,1
T-157,3702,RON,ES,DE,EEA,Prepaid,VISA,card_present,POS,POS,5411,True,05,2026-05-13T10:00:00,2026-05-13T10:00:00,0,Ecom Non-Secure Credit,MCC classification,0.025,92.55,FIX_MCC,6.0875,MEDIUM,0.74,6.0875,1
T-158,4029,EUR,IT,ES,EU,Prepaid,VISA,card_not_present,MOTO,MOTO,5812,False,07,2026-05-11T10:00:00,2026-05-15T10:00:00,4,Ecom Non-Secure Credit,MCC classification,0.015,60.435,FIX_MCC,11.4179,MEDIUM,0.38,11.4179,0
T-159,2521,EUR,ES,DE,EEA,Commercial,VISA,card_not_present,eCommerce,eCommerce,5411,False,07,2026-05-12T10:00:00,2026-05-17T10:00:00,5,Standard Credit,3DS authentication,0.003,7.563,ENABLE_3DS,16.5229,HIGH,0.75,16.5229,1
T-160,1439,EUR,RO,IT,EU,Debit,MASTERCARD,card_not_present,eCommerce,eCommerce,5812,True,05,2026-05-16T10:00:00,2026-05-18T10:00:00,2,Standard Credit,MCC classification,0.003,4.317,FIX_MCC,2.2467,HIGH,0.62,2.2467,1
T-161,4048,EUR,RO,FR,EU,Prepaid,VISA,card_not_present,MOTO,MOTO,5411,True,05,2026-05-15T10:00:00,2026-05-18T10:00:00,3,Standard Credit,clearing time,0.003,12.144,OPTIMIZE_CLEARING,9.1,HIGH,0.8,9.1,0
T-162,4077,EUR,ES,DE,EEA,Credit,VISA,card_not_present,MOTO,MOTO,5411,True,05,2026-05-04T10:00:00,2026-05-08T10:00:00,4,Ecom Non-Secure Credit,MCC classification,0.002,8.154,FIX_MCC,7.3535,MEDIUM,0.47,7.3535,1
T-163,732,RON,ES,DE,EU,Debit,VISA,card_not_present,eCommerce,eCommerce,5812,False,07,2026-05-08T10:00:00,2026-05-09T10:00:00,1,Ecom Secure Preferred Credit,clearing time,0.025,18.3,OPTIMIZE_CLEARING,2.7551,HIGH,0.48,2.7551,1
T-164,4433,RON,DE,IT,EU,Prepaid,VISA,card_present,POS,POS,5812,False,07,2026-05-10T10:00:00,2026-05-12T10:00:00,2,Ecom Non-Secure Credit,3DS authentication,0.0185,82.0105,ENABLE_3DS,23.6577,LOW,0.4,23.6577,1
T-165,2658,EUR,IT,IT,EEA,Credit,VISA,card_not_present,MOTO,MOTO,5411,False,07,2026-05-13T10:00:00,2026-05-16T10:00:00,3,Standard Credit,3DS authentication,0.003,7.974,ENABLE_3DS,18.306,HIGH,0.48,18.306,1
T-166,3043,EUR,RO,ES,EEA,Debit,MASTERCARD,card_present,POS,POS,5732,False,07,2026-05-11T10:00:00,2026-05-15T10:00:00,4,Ecom Secure Preferred Credit,clearing time,0.002,6.086,OPTIMIZE_CLEARING,14.0183,MEDIUM,0.51,14.0183,0
T-167,2343,RON,RO,IT,EU,Credit,VISA,card_not_present,MOTO,MOTO,5411,True,05,2026-05-19T10:00:00,2026-05-20T10:00:00,1,Ecom Secure Preferred Credit,clearing time,0.0185,43.3455,OPTIMIZE_CLEARING,10.6777,LOW,0.94,10.6777,1
T-168,3524,EUR,RO,FR,EEA,Credit,MASTERCARD,card_not_present,MOTO,MOTO,5812,False,07,2026-05-05T10:00:00,2026-05-10T10:00:00,5,Standard Credit,3DS authentication,0.0125,44.05,ENABLE_3DS,16.8972,LOW,0.33,16.8972,1
T-169,2522,RON,IT,RO,EU,Debit,MASTERCARD,card_not_present,MOTO,MOTO,5732,True,05,2026-05-08T10:00:00,2026-05-11T10:00:00,3,Ecom Non-Secure Credit,MCC classification,0.025,63.05,FIX_MCC,3.212,HIGH,0.52,3.212,0
T-170,1007,RON,FR,FR,EEA,Debit,MASTERCARD,card_not_present,MOTO,MOTO,5732,True,05,2026-05-05T10:00:00,2026-05-08T10:00:00,3,Standard Credit,clearing time,0.002,2.014,OPTIMIZE_CLEARING,2.7056,HIGH,0.39,2.7056,0
T-171,4365,EUR,ES,IT,EU,Credit,VISA,card_not_present,eCommerce,eCommerce,5732,True,05,2026-05-20T10:00:00,2026-05-25T10:00:00,5,Ecom Non-Secure Credit,MCC classification,0.003,13.095,FIX_MCC,10.1281,HIGH,0.77,10.1281,0
T-172,2899,RON,FR,DE,EU,Commercial,MASTERCARD,card_present,POS,POS,5812,False,07,2026-05-05T10:00:00,2026-05-06T10:00:00,1,Ecom Non-Secure Credit,clearing time,0.0125,36.2375,OPTIMIZE_CLEARING,11.4043,LOW,0.62,11.4043,0
T-173,943,RON,FR,FR,EU,Commercial,MASTERCARD,card_present,POS,POS,5411,False,07,2026-05-21T10:00:00,2026-05-25T10:00:00,4,Standard Credit,3DS authentication,0.002,1.886,ENABLE_3DS,6.2629,HIGH,0.41,6.2629,1
T-174,3878,RON,RO,IT,EEA,Commercial,MASTERCARD,card_not_present,eCommerce,eCommerce,5812,False,07,2026-05-19T10:00:00,2026-05-19T10:00:00,0,Ecom Secure Preferred Credit,3DS authentication,0.002,7.756,ENABLE_3DS,20.5958,LOW,0.72,20.5958,1
T-175,4424,EUR,IT,ES,EU,Prepaid,MASTERCARD,card_not_present,eCommerce,eCommerce,5812,True,05,2026-05-09T10:00:00,2026-05-09T10:00:00,0,Ecom Non-Secure Credit,MCC classification,0.0125,55.3,FIX_MCC,5.4728,LOW,0.46,5.4728,0
T-176,3579,RON,RO,RO,EU,Credit,VISA,card_present,POS,POS,5411,False,07,2026-05-20T10:00:00,2026-05-24T10:00:00,4,Ecom Secure Preferred Credit,3DS authentication,0.002,7.158,ENABLE_3DS,19.8507,HIGH,0.64,19.8507,1
T-177,2143,RON,RO,FR,EEA,Prepaid,VISA,card_present,POS,POS,5411,False,07,2026-05-05T10:00:00,2026-05-10T10:00:00,5,Standard Credit,3DS authentication,0.0125,26.7875,ENABLE_3DS,16.4254,HIGH,0.71,16.4254,1
T-178,4084,RON,FR,RO,EU,Debit,VISA,card_not_present,MOTO,MOTO,5732,False,07,2026-05-12T10:00:00,2026-05-12T10:00:00,0,Ecom Non-Secure Credit,clearing time,0.015,61.26,OPTIMIZE_CLEARING,18.6969,LOW,0.33,18.6969,0
T-179,3001,EUR,DE,IT,EEA,Prepaid,VISA,card_not_present,eCommerce,eCommerce,5812,True,05,2026-05-06T10:00:00,2026-05-13T10:00:00,7,Ecom Secure Preferred Credit,clearing time,0.002,6.002,OPTIMIZE_CLEARING,10.9794,LOW,0.63,10.9794,1
T-180,451,EUR,FR,FR,EEA,Credit,MASTERCARD,card_not_present,eCommerce,eCommerce,5732,False,07,2026-05-17T10:00:00,2026-05-17T10:00:00,0,Ecom Secure Preferred Credit,3DS authentication,0.015,6.765,ENABLE_3DS,1.9594,LOW,0.49,1.9594,1
T-181,2509,RON,DE,RO,EEA,Credit,VISA,card_not_present,MOTO,MOTO,5812,True,05,2026-05-08T10:00:00,2026-05-11T10:00:00,3,Ecom Secure Preferred Credit,MCC classification,0.0125,31.3625,FIX_MCC,6.9627,HIGH,0.85,6.9627,1
T-182,98,RON,IT,IT,EU,Debit,MASTERCARD,card_not_present,eCommerce,eCommerce,5732,True,05,2026-05-13T10:00:00,2026-05-20T10:00:00,7,Ecom Non-Secure Credit,clearing time,0.025,2.45,OPTIMIZE_CLEARING,0.4098,LOW,0.88,0.4098,0
T-183,4277,EUR,RO,ES,EU,Commercial,VISA,card_not_present,MOTO,MOTO,5732,True,05,2026-05-12T10:00:00,2026-05-15T10:00:00,3,Ecom Secure Preferred Credit,clearing time,0.025,106.925,OPTIMIZE_CLEARING,9.6434,MEDIUM,0.85,9.6434,0
T-184,3239,RON,ES,RO,EU,Credit,VISA,card_not_present,MOTO,MOTO,5411,True,05,2026-05-11T10:00:00,2026-05-13T10:00:00,2,Ecom Secure Preferred Credit,MCC classification,0.015,48.585,FIX_MCC,5.8816,MEDIUM,0.56,5.8816,0
T-185,4410,RON,FR,ES,EU,Debit,MASTERCARD,card_not_present,eCommerce,eCommerce,5732,True,05,2026-05-15T10:00:00,2026-05-17T10:00:00,2,Ecom Non-Secure Credit,clearing time,0.015,66.15,OPTIMIZE_CLEARING,12.3261,HIGH,0.46,12.3261,0
T-186,2934,EUR,IT,ES,EU,Credit,MASTERCARD,card_not_present,MOTO,MOTO,5732,True,05,2026-05-02T10:00:00,2026-05-07T10:00:00,5,Ecom Non-Secure Credit,clearing time,0.0125,36.675,OPTIMIZE_CLEARING,8.158,LOW,0.31,8.158,0
T-187,1840,RON,ES,ES,EEA,Credit,VISA,card_not_present,eCommerce,eCommerce,5732,False,07,2026-05-13T10:00:00,2026-05-15T10:00:00,2,Ecom Non-Secure Credit,3DS authentication,0.025,46.0,ENABLE_3DS,13.1587,HIGH,0.59,13.1587,1
T-188,1075,EUR,IT,IT,EU,Commercial,MASTERCARD,card_present,POS,POS,5732,False,07,2026-05-04T10:00:00,2026-05-04T10:00:00,0,Ecom Secure Preferred Credit,3DS authentication,0.015,16.125,ENABLE_3DS,4.5722,LOW,0.89,4.5722,1
T-189,2272,EUR,IT,ES,EEA,Credit,VISA,card_present,POS,POS,5411,False,07,2026-05-05T10:00:00,2026-05-05T10:00:00,0,Ecom Secure Preferred Credit,clearing time,0.0185,42.032,OPTIMIZE_CLEARING,8.7643,LOW,0.57,8.7643,0
T-190,4327,EUR,IT,ES,EEA,Prepaid,MASTERCARD,card_not_present,MOTO,MOTO,5411,False,07,2026-05-18T10:00:00,2026-05-25T10:00:00,7,Ecom Secure Preferred Credit,3DS authentication,0.002,8.654,ENABLE_3DS,38.7137,LOW,0.32,38.7137,1
T-191,4911,RON,DE,RO,EU,Debit,MASTERCARD,card_not_present,eCommerce,eCommerce,5812,False,07,2026-05-09T10:00:00,2026-05-09T10:00:00,0,Standard Credit,3DS authentication,0.015,73.665,ENABLE_3DS,32.6442,LOW,0.8,32.6442,1
T-192,1817,RON,FR,ES,EU,Debit,MASTERCARD,card_present,POS,POS,5812,False,07,2026-05-12T10:00:00,2026-05-19T10:00:00,7,Ecom Secure Preferred Credit,MCC classification,0.003,5.451,FIX_MCC,2.7769,LOW,0.62,2.7769,1
T-193,759,RON,FR,ES,EU,Debit,MASTERCARD,card_not_present,eCommerce,eCommerce,5812,False,07,2026-05-20T10:00:00,2026-05-21T10:00:00,1,Ecom Non-Secure Credit,3DS authentication,0.002,1.518,ENABLE_3DS,5.0339,MEDIUM,0.34,5.0339,1
T-194,1230,EUR,IT,ES,EU,Prepaid,MASTERCARD,card_not_present,MOTO,MOTO,5411,True,05,2026-05-05T10:00:00,2026-05-12T10:00:00,7,Ecom Non-Secure Credit,MCC classification,0.002,2.46,FIX_MCC,4.3535,LOW,0.78,4.3535,1
T-195,3598,RON,IT,FR,EEA,Debit,VISA,card_present,POS,POS,5812,True,05,2026-05-21T10:00:00,2026-05-23T10:00:00,2,Ecom Non-Secure Credit,MCC classification,0.003,10.794,FIX_MCC,11.2313,HIGH,0.92,11.2313,1
T-196,3227,EUR,DE,FR,EU,Debit,MASTERCARD,card_not_present,eCommerce,eCommerce,5411,True,05,2026-05-06T10:00:00,2026-05-10T10:00:00,4,Ecom Non-Secure Credit,MCC classification,0.0125,40.3375,FIX_MCC,12.1436,HIGH,0.88,12.1436,0
T-197,746,RON,RO,FR,EEA,Credit,VISA,card_not_present,MOTO,MOTO,5732,True,05,2026-05-21T10:00:00,2026-05-26T10:00:00,5,Ecom Secure Preferred Credit,MCC classification,0.0125,9.325,FIX_MCC,1.7456,MEDIUM,0.78,1.7456,1
T-198,1382,RON,IT,RO,EU,Prepaid,VISA,card_present,POS,POS,5411,True,05,2026-05-13T10:00:00,2026-05-15T10:00:00,2,Ecom Secure Preferred Credit,clearing time,0.0185,25.567,OPTIMIZE_CLEARING,4.3202,LOW,0.35,4.3202,1
T-199,1413,EUR,DE,ES,EEA,Debit,VISA,card_not_present,eCommerce,eCommerce,5732,True,05,2026-05-03T10:00:00,2026-05-07T10:00:00,4,Ecom Secure Preferred Credit,clearing time,0.002,2.826,OPTIMIZE_CLEARING,4.2586,LOW,0.93,4.2586,1
T-200,3372,RON,IT,ES,EEA,Debit,VISA,card_not_present,MOTO,MOTO,5411,True,05,2026-05-18T10:00:00,2026-05-20T10:00:00,2,Ecom Non-Secure Credit,MCC classification,0.025,84.3,FIX_MCC,6.2199,MEDIUM,0.36,6.2199,0
T-201,4936,EUR,RO,FR,EEA,Commercial,MASTERCARD,card_not_present,eCommerce,eCommerce,5812,True,05,2026-05-04T10:00:00,2026-05-04T10:00:00,0,Ecom Secure Preferred Credit,clearing time,0.003,14.808,OPTIMIZE_CLEARING,12.4017,LOW,0.72,12.4017,1
T-202,3194,EUR,IT,IT,EEA,Debit,MASTERCARD,card_present,POS,POS,5812,False,07,2026-05-13T10:00:00,2026-05-15T10:00:00,2,Ecom Non-Secure Credit,3DS authentication,0.003,9.582,ENABLE_3DS,19.895,LOW,0.79,19.895,1
T-203,812,RON,ES,RO,EEA,Commercial,MASTERCARD,card_not_present,MOTO,MOTO,5812,False,07,2026-05-12T10:00:00,2026-05-19T10:00:00,7,Ecom Non-Secure Credit,3DS authentication,0.0185,15.022,ENABLE_3DS,4.9288,MEDIUM,0.49,4.9288,1
T-204,3254,EUR,DE,DE,EU,Debit,VISA,card_not_present,eCommerce,eCommerce,5732,True,05,2026-05-17T10:00:00,2026-05-21T10:00:00,4,Ecom Secure Preferred Credit,MCC classification,0.0185,60.199,FIX_MCC,11.068,LOW,0.94,11.068,0
T-205,3586,RON,RO,IT,EEA,Prepaid,MASTERCARD,card_not_present,MOTO,MOTO,5812,False,07,2026-05-05T10:00:00,2026-05-12T10:00:00,7,Ecom Secure Preferred Credit,3DS authentication,0.0185,66.341,ENABLE_3DS,18.9679,LOW,0.81,18.9679,1
T-206,4833,RON,FR,ES,EEA,Commercial,MASTERCARD,card_present,POS,POS,5411,True,05,2026-05-04T10:00:00,2026-05-07T10:00:00,3,Standard Credit,MCC classification,0.003,14.499,FIX_MCC,6.9817,MEDIUM,0.67,6.9817,0
T-207,3895,EUR,RO,IT,EEA,Debit,VISA,card_not_present,eCommerce,eCommerce,5812,False,07,2026-05-09T10:00:00,2026-05-12T10:00:00,3,Ecom Secure Preferred Credit,3DS authentication,0.003,11.685,ENABLE_3DS,27.6203,MEDIUM,0.88,27.6203,1
T-208,185,RON,FR,IT,EEA,Prepaid,MASTERCARD,card_present,POS,POS,5812,True,05,2026-05-10T10:00:00,2026-05-12T10:00:00,2,Standard Credit,clearing time,0.015,2.775,OPTIMIZE_CLEARING,0.8463,LOW,0.42,0.8463,0
T-209,1751,RON,FR,ES,EEA,Debit,VISA,card_not_present,MOTO,MOTO,5732,True,05,2026-05-16T10:00:00,2026-05-23T10:00:00,7,Ecom Non-Secure Credit,clearing time,0.0185,32.3935,OPTIMIZE_CLEARING,8.0573,LOW,0.84,8.0573,0
T-210,2063,EUR,IT,ES,EEA,Credit,VISA,card_present,POS,POS,5732,False,07,2026-05-02T10:00:00,2026-05-04T10:00:00,2,Ecom Secure Preferred Credit,3DS authentication,0.025,51.575,ENABLE_3DS,10.3058,MEDIUM,0.69,10.3058,1
T-211,1474,EUR,RO,IT,EU,Debit,VISA,card_not_present,MOTO,MOTO,5732,True,05,2026-05-18T10:00:00,2026-05-20T10:00:00,2,Standard Credit,clearing time,0.0125,18.425,OPTIMIZE_CLEARING,3.6711,LOW,0.74,3.6711,1
T-212,2224,RON,DE,FR,EEA,Prepaid,MASTERCARD,card_present,POS,POS,5411,True,05,2026-05-17T10:00:00,2026-05-17T10:00:00,0,Ecom Secure Preferred Credit,MCC classification,0.025,55.6,FIX_MCC,2.2834,MEDIUM,0.46,2.2834,0
T-213,3843,EUR,ES,ES,EEA,Prepaid,VISA,card_not_present,MOTO,MOTO,5411,True,05,2026-05-17T10:00:00,2026-05-24T10:00:00,7,Ecom Non-Secure Credit,clearing time,0.0185,71.0955,OPTIMIZE_CLEARING,12.2648,MEDIUM,0.94,12.2648,0
T-214,2683,RON,ES,IT,EEA,Debit,VISA,card_present,POS,POS,5812,True,05,2026-05-21T10:00:00,2026-05-26T10:00:00,5,Ecom Secure Preferred Credit,clearing time,0.025,67.075,OPTIMIZE_CLEARING,7.771,MEDIUM,0.47,7.771,0
T-215,3448,RON,ES,IT,EEA,Prepaid,VISA,card_present,POS,POS,5812,False,07,2026-05-02T10:00:00,2026-05-06T10:00:00,4,Standard Credit,clearing time,0.025,86.2,OPTIMIZE_CLEARING,17.1857,LOW,0.49,17.1857,0
T-216,3876,RON,FR,RO,EU,Prepaid,VISA,card_not_present,MOTO,MOTO,5812,False,07,2026-05-09T10:00:00,2026-05-14T10:00:00,5,Ecom Secure Preferred Credit,3DS authentication,0.0185,71.706,ENABLE_3DS,30.2894,MEDIUM,0.81,30.2894,1
T-217,2734,RON,IT,DE,EU,Commercial,MASTERCARD,card_present,POS,POS,5411,True,05,2026-05-19T10:00:00,2026-05-21T10:00:00,2,Ecom Non-Secure Credit,clearing time,0.015,41.01,OPTIMIZE_CLEARING,12.4497,LOW,0.39,12.4497,1
T-218,1660,EUR,FR,DE,EEA,Credit,VISA,card_present,POS,POS,5411,True,05,2026-05-19T10:00:00,2026-05-22T10:00:00,3,Ecom Secure Preferred Credit,clearing time,0.003,4.98,OPTIMIZE_CLEARING,4.8956,LOW,0.79,4.8956,0
T-219,1401,EUR,IT,IT,EEA,Credit,VISA,card_not_present,eCommerce,eCommerce,5812,False,07,2026-05-16T10:00:00,2026-05-23T10:00:00,7,Ecom Non-Secure Credit,MCC classification,0.002,2.802,FIX_MCC,1.9449,HIGH,0.54,1.9449,1
T-220,135,EUR,FR,DE,EU,Commercial,MASTERCARD,card_not_present,MOTO,MOTO,5732,True,05,2026-05-07T10:00:00,2026-05-07T10:00:00,0,Ecom Non-Secure Credit,clearing time,0.025,3.375,OPTIMIZE_CLEARING,0.2717,LOW,0.49,0.2717,0
T-221,2402,EUR,FR,DE,EU,Commercial,VISA,card_not_present,MOTO,MOTO,5732,False,07,2026-05-17T10:00:00,2026-05-21T10:00:00,4,Ecom Non-Secure Credit,clearing time,0.0185,44.437,OPTIMIZE_CLEARING,7.2384,HIGH,0.94,7.2384,0
T-222,1750,EUR,ES,ES,EU,Credit,VISA,card_not_present,eCommerce,eCommerce,5812,False,07,2026-05-19T10:00:00,2026-05-23T10:00:00,4,Ecom Non-Secure Credit,MCC classification,0.003,5.25,FIX_MCC,2.3966,LOW,0.75,2.3966,0
T-223,3434,RON,FR,IT,EU,Prepaid,VISA,card_present,POS,POS,5411,True,05,2026-05-04T10:00:00,2026-05-08T10:00:00,4,Ecom Non-Secure Credit,clearing time,0.0125,42.925,OPTIMIZE_CLEARING,11.7552,HIGH,0.77,11.7552,0
T-224,984,EUR,IT,FR,EU,Credit,MASTERCARD,card_not_present,eCommerce,eCommerce,5732,True,05,2026-05-04T10:00:00,2026-05-07T10:00:00,3,Standard Credit,clearing time,0.003,2.952,OPTIMIZE_CLEARING,3.7658,MEDIUM,0.51,3.7658,1
T-225,42,RON,RO,ES,EU,Credit,MASTERCARD,card_not_present,MOTO,MOTO,5812,False,07,2026-05-03T10:00:00,2026-05-03T10:00:00,0,Ecom Non-Secure Credit,3DS authentication,0.0185,0.777,ENABLE_3DS,0.3085,MEDIUM,0.94,0.3085,1
T-226,2445,EUR,IT,RO,EU,Credit,VISA,card_present,POS,POS,5732,False,07,2026-05-02T10:00:00,2026-05-02T10:00:00,0,Standard Credit,clearing time,0.003,7.335,OPTIMIZE_CLEARING,11.3018,HIGH,0.41,11.3018,1
T-227,2948,RON,IT,IT,EEA,Prepaid,MASTERCARD,card_not_present,MOTO,MOTO,5812,True,05,2026-05-09T10:00:00,2026-05-14T10:00:00,5,Ecom Secure Preferred Credit,clearing time,0.002,5.896,OPTIMIZE_CLEARING,9.1915,MEDIUM,0.72,9.1915,1
T-228,1386,EUR,ES,IT,EU,Commercial,MASTERCARD,card_not_present,eCommerce,eCommerce,5812,False,07,2026-05-02T10:00:00,2026-05-09T10:00:00,7,Ecom Non-Secure Credit,3DS authentication,0.003,4.158,ENABLE_3DS,6.2627,HIGH,0.87,6.2627,1
T-229,1090,RON,ES,ES,EU,Prepaid,VISA,card_present,POS,POS,5411,False,07,2026-05-04T10:00:00,2026-05-07T10:00:00,3,Standard Credit,clearing time,0.015,16.35,OPTIMIZE_CLEARING,2.3303,HIGH,0.46,2.3303,1
T-230,2852,RON,ES,IT,EEA,Debit,VISA,card_not_present,MOTO,MOTO,5411,True,05,2026-05-21T10:00:00,2026-05-24T10:00:00,3,Ecom Secure Preferred Credit,MCC classification,0.003,8.556,FIX_MCC,10.0308,LOW,0.52,10.0308,0
T-231,2298,RON,RO,IT,EEA,Commercial,VISA,card_not_present,MOTO,MOTO,5411,False,07,2026-05-08T10:00:00,2026-05-12T10:00:00,4,Ecom Secure Preferred Credit,3DS authentication,0.025,57.45,ENABLE_3DS,13.5425,MEDIUM,0.38,13.5425,1
T-232,4094,EUR,ES,ES,EU,Commercial,MASTERCARD,card_not_present,MOTO,MOTO,5411,True,05,2026-05-01T10:00:00,2026-05-01T10:00:00,0,Ecom Non-Secure Credit,MCC classification,0.015,61.41,FIX_MCC,9.1583,LOW,0.85,9.1583,0
T-233,2739,RON,DE,RO,EEA,Prepaid,MASTERCARD,card_not_present,MOTO,MOTO,5812,True,05,2026-05-20T10:00:00,2026-05-23T10:00:00,3,Standard Credit,MCC classification,0.025,68.475,FIX_MCC,8.1389,MEDIUM,0.76,8.1389,1
T-234,395,EUR,RO,FR,EU,Debit,VISA,card_present,POS,POS,5411,False,07,2026-05-05T10:00:00,2026-05-12T10:00:00,7,Ecom Non-Secure Credit,3DS authentication,0.025,9.875,ENABLE_3DS,3.0465,MEDIUM,0.84,3.0465,1
T-235,1581,EUR,ES,ES,EU,Commercial,VISA,card_present,POS,POS,5812,False,07,2026-05-04T10:00:00,2026-05-11T10:00:00,7,Standard Credit,MCC classification,0.015,23.715,FIX_MCC,1.8016,LOW,0.66,1.8016,0
T-236,3565,RON,IT,ES,EEA,Commercial,MASTERCARD,card_present,POS,POS,5812,True,05,2026-05-17T10:00:00,2026-05-24T10:00:00,7,Standard Credit,MCC classification,0.003,10.695,FIX_MCC,10.964,LOW,0.48,10.964,0
T-237,2828,RON,DE,DE,EEA,Prepaid,VISA,card_present,POS,POS,5812,False,07,2026-05-05T10:00:00,2026-05-06T10:00:00,1,Standard Credit,clearing time,0.015,42.42,OPTIMIZE_CLEARING,10.7678,LOW,0.63,10.7678,1
T-238,2660,EUR,RO,ES,EU,Credit,MASTERCARD,card_not_present,eCommerce,eCommerce,5732,False,07,2026-05-12T10:00:00,2026-05-16T10:00:00,4,Ecom Non-Secure Credit,MCC classification,0.015,39.9,FIX_MCC,7.3108,HIGH,0.34,7.3108,1
T-239,2207,EUR,DE,ES,EU,Prepaid,MASTERCARD,card_present,POS,POS,5732,False,07,2026-05-09T10:00:00,2026-05-10T10:00:00,1,Standard Credit,3DS authentication,0.002,4.414,ENABLE_3DS,16.4487,HIGH,0.78,16.4487,1
T-240,1857,EUR,IT,IT,EEA,Credit,VISA,card_not_present,MOTO,MOTO,5812,True,05,2026-05-18T10:00:00,2026-05-21T10:00:00,3,Ecom Secure Preferred Credit,MCC classification,0.003,5.571,FIX_MCC,4.7033,LOW,0.7,4.7033,1
T-241,3649,RON,DE,FR,EEA,Debit,VISA,card_not_present,MOTO,MOTO,5732,False,07,2026-05-21T10:00:00,2026-05-23T10:00:00,2,Ecom Non-Secure Credit,3DS authentication,0.0185,67.5065,ENABLE_3DS,24.569,HIGH,0.63,24.569,1
T-242,3110,EUR,RO,FR,EEA,Debit,VISA,card_present,POS,POS,5732,False,07,2026-05-09T10:00:00,2026-05-13T10:00:00,4,Ecom Secure Preferred Credit,3DS authentication,0.0125,38.875,ENABLE_3DS,14.4625,HIGH,0.33,14.4625,1
T-243,2487,RON,ES,RO,EU,Commercial,MASTERCARD,card_not_present,MOTO,MOTO,5732,True,05,2026-05-18T10:00:00,2026-05-20T10:00:00,2,Ecom Secure Preferred Credit,clearing time,0.002,4.974,OPTIMIZE_CLEARING,10.8237,LOW,0.87,10.8237,1
T-244,2738,EUR,IT,DE,EU,Credit,MASTERCARD,card_present,POS,POS,5411,True,05,2026-05-10T10:00:00,2026-05-11T10:00:00,1,Ecom Non-Secure Credit,clearing time,0.0185,50.653,OPTIMIZE_CLEARING,9.8335,MEDIUM,0.47,9.8335,0
T-245,2336,RON,FR,DE,EEA,Credit,VISA,card_not_present,MOTO,MOTO,5732,False,07,2026-05-12T10:00:00,2026-05-16T10:00:00,4,Standard Credit,3DS authentication,0.0185,43.216,ENABLE_3DS,14.5481,HIGH,0.3,14.5481,1
T-246,556,EUR,RO,DE,EEA,Credit,VISA,card_not_present,MOTO,MOTO,5732,False,07,2026-05-21T10:00:00,2026-05-28T10:00:00,7,Ecom Secure Preferred Credit,3DS authentication,0.003,1.668,ENABLE_3DS,4.6286,HIGH,0.52,4.6286,1
T-247,736,RON,FR,IT,EEA,Commercial,MASTERCARD,card_not_present,eCommerce,eCommerce,5411,False,07,2026-05-06T10:00:00,2026-05-13T10:00:00,7,Ecom Secure Preferred Credit,3DS authentication,0.0125,9.2,ENABLE_3DS,4.9977,LOW,0.55,4.9977,1
T-248,989,EUR,ES,RO,EEA,Prepaid,VISA,card_not_present,eCommerce,eCommerce,5411,True,05,2026-05-21T10:00:00,2026-05-26T10:00:00,5,Ecom Secure Preferred Credit,MCC classification,0.0185,18.2965,FIX_MCC,1.1766,MEDIUM,0.56,1.1766,0
T-249,272,EUR,FR,RO,EU,Credit,VISA,card_not_present,eCommerce,eCommerce,5732,True,05,2026-05-18T10:00:00,2026-05-19T10:00:00,1,Standard Credit,clearing time,0.003,0.816,OPTIMIZE_CLEARING,1.1534,HIGH,0.56,1.1534,1
T-250,4505,EUR,DE,IT,EU,Debit,VISA,card_present,POS,POS,5732,False,07,2026-05-07T10:00:00,2026-05-12T10:00:00,5,Standard Credit,3DS authentication,0.025,112.625,ENABLE_3DS,38.3724,MEDIUM,0.43,38.3724,1
T-251,1505,RON,FR,RO,EU,Commercial,MASTERCARD,card_not_present,MOTO,MOTO,5411,False,07,2026-05-02T10:00:00,2026-05-09T10:00:00,7,Ecom Non-Secure Credit,MCC classification,0.0185,27.8425,FIX_MCC,3.5876,HIGH,0.73,3.5876,0
T-252,839,RON,ES,ES,EEA,Prepaid,MASTERCARD,card_not_present,MOTO,MOTO,5732,False,07,2026-05-03T10:00:00,2026-05-04T10:00:00,1,Ecom Non-Secure Credit,clearing time,0.0125,10.4875,OPTIMIZE_CLEARING,2.9009,MEDIUM,0.46,2.9009,1
T-253,1834,EUR,IT,IT,EEA,Prepaid,MASTERCARD,card_not_present,MOTO,MOTO,5812,False,07,2026-05-21T10:00:00,2026-05-24T10:00:00,3,Ecom Non-Secure Credit,MCC classification,0.0125,22.925,FIX_MCC,6.4563,LOW,0.72,6.4563,0
T-254,691,RON,ES,RO,EEA,Debit,VISA,card_not_present,eCommerce,eCommerce,5812,True,05,2026-05-18T10:00:00,2026-05-19T10:00:00,1,Ecom Secure Preferred Credit,clearing time,0.0125,8.6375,OPTIMIZE_CLEARING,2.9026,HIGH,0.88,2.9026,0
T-255,4441,EUR,ES,ES,EU,Commercial,MASTERCARD,card_not_present,MOTO,MOTO,5812,True,05,2026-05-05T10:00:00,2026-05-07T10:00:00,2,Ecom Non-Secure Credit,clearing time,0.015,66.615,OPTIMIZE_CLEARING,11.8571,HIGH,0.46,11.8571,1
T-256,1378,EUR,RO,DE,EEA,Debit,VISA,card_not_present,eCommerce,eCommerce,5411,False,07,2026-05-15T10:00:00,2026-05-16T10:00:00,1,Ecom Secure Preferred Credit,MCC classification,0.003,4.134,FIX_MCC,3.7193,LOW,0.33,3.7193,0
T-257,1713,RON,ES,FR,EEA,Debit,MASTERCARD,card_present,POS,POS,5812,False,07,2026-05-13T10:00:00,2026-05-16T10:00:00,3,Ecom Secure Preferred Credit,MCC classification,0.015,25.695,FIX_MCC,6.2433,MEDIUM,0.68,6.2433,0
T-258,657,EUR,ES,RO,EU,Commercial,VISA,card_present,POS,POS,5732,False,07,2026-05-13T10:00:00,2026-05-14T10:00:00,1,Ecom Non-Secure Credit,MCC classification,0.0185,12.1545,FIX_MCC,1.4569,HIGH,0.72,1.4569,1
T-259,1752,RON,DE,IT,EEA,Credit,MASTERCARD,card_not_present,eCommerce,eCommerce,5812,False,07,2026-05-06T10:00:00,2026-05-08T10:00:00,2,Ecom Secure Preferred Credit,3DS authentication,0.0185,32.412,ENABLE_3DS,13.2916,MEDIUM,0.44,13.2916,1
T-260,1340,RON,ES,DE,EU,Debit,MASTERCARD,card_present,POS,POS,5732,True,05,2026-05-01T10:00:00,2026-05-02T10:00:00,1,Standard Credit,MCC classification,0.002,2.68,FIX_MCC,1.8541,MEDIUM,0.69,1.8541,0
T-261,4637,RON,DE,IT,EU,Debit,MASTERCARD,card_not_present,eCommerce,eCommerce,5732,False,07,2026-05-10T10:00:00,2026-05-10T10:00:00,0,Standard Credit,MCC classification,0.003,13.911,FIX_MCC,10.8859,HIGH,0.52,10.8859,1
T-262,3734,RON,ES,ES,EEA,Debit,VISA,card_not_present,MOTO,MOTO,5732,True,05,2026-05-03T10:00:00,2026-05-04T10:00:00,1,Ecom Secure Preferred Credit,MCC classification,0.015,56.01,FIX_MCC,8.0519,HIGH,0.69,8.0519,0
T-263,4373,EUR,FR,RO,EEA,Debit,MASTERCARD,card_not_present,eCommerce,eCommerce,5411,False,07,2026-05-03T10:00:00,2026-05-06T10:00:00,3,Ecom Secure Preferred Credit,MCC classification,0.025,109.325,FIX_MCC,6.0828,HIGH,0.82,6.0828,0
T-264,4739,RON,FR,ES,EEA,Prepaid,VISA,card_present,POS,POS,5732,False,07,2026-05-05T10:00:00,2026-05-07T10:00:00,2,Standard Credit,3DS authentication,0.015,71.085,ENABLE_3DS,37.103,HIGH,0.81,37.103,1
T-265,4754,EUR,RO,DE,EEA,Prepaid,MASTERCARD,card_not_present,eCommerce,eCommerce,5812,False,07,2026-05-17T10:00:00,2026-05-17T10:00:00,0,Ecom Secure Preferred Credit,MCC classification,0.015,71.31,FIX_MCC,14.0891,HIGH,0.54,14.0891,1
T-266,2277,EUR,ES,ES,EEA,Prepaid,MASTERCARD,card_present,POS,POS,5812,True,05,2026-05-07T10:00:00,2026-05-10T10:00:00,3,Ecom Secure Preferred Credit,MCC classification,0.0185,42.1245,FIX_MCC,7.6311,HIGH,0.56,7.6311,1
T-267,1151,EUR,FR,ES,EU,Debit,MASTERCARD,card_not_present,eCommerce,eCommerce,5812,True,05,2026-05-08T10:00:00,2026-05-11T10:00:00,3,Ecom Non-Secure Credit,MCC classification,0.025,28.775,FIX_MCC,4.4287,LOW,0.84,4.4287,0
T-268,3883,EUR,IT,ES,EEA,Credit,VISA,card_present,POS,POS,5812,True,05,2026-05-03T10:00:00,2026-05-03T10:00:00,0,Ecom Secure Preferred Credit,MCC classification,0.0125,48.5375,FIX_MCC,6.4664,MEDIUM,0.31,6.4664,0
T-269,4264,RON,FR,DE,EU,Debit,VISA,card_not_present,eCommerce,eCommerce,5411,True,05,2026-05-02T10:00:00,2026-05-09T10:00:00,7,Ecom Secure Preferred Credit,clearing time,0.0185,78.884,OPTIMIZE_CLEARING,15.0589,MEDIUM,0.74,15.0589,0
T-270,3341,EUR,FR,FR,EU,Debit,MASTERCARD,card_not_present,eCommerce,eCommerce,5411,False,07,2026-05-17T10:00:00,2026-05-17T10:00:00,0,Standard Credit,MCC classification,0.025,83.525,FIX_MCC,10.3934,LOW,0.47,10.3934,0
T-271,3355,EUR,IT,IT,EEA,Debit,MASTERCARD,card_not_present,eCommerce,eCommerce,5411,False,07,2026-05-18T10:00:00,2026-05-18T10:00:00,0,Standard Credit,MCC classification,0.0185,62.0675,FIX_MCC,6.3166,MEDIUM,0.88,6.3166,0
T-272,244,EUR,IT,FR,EU,Prepaid,VISA,card_not_present,eCommerce,eCommerce,5411,True,05,2026-05-09T10:00:00,2026-05-09T10:00:00,0,Ecom Non-Secure Credit,clearing time,0.015,3.66,OPTIMIZE_CLEARING,0.9518,MEDIUM,0.74,0.9518,0
T-273,2821,EUR,DE,DE,EEA,Debit,VISA,card_not_present,MOTO,MOTO,5812,False,07,2026-05-06T10:00:00,2026-05-09T10:00:00,3,Ecom Non-Secure Credit,3DS authentication,0.0125,35.2625,ENABLE_3DS,16.2707,MEDIUM,0.43,16.2707,1
T-274,1681,RON,IT,ES,EU,Credit,MASTERCARD,card_not_present,MOTO,MOTO,5411,False,07,2026-05-12T10:00:00,2026-05-13T10:00:00,1,Standard Credit,3DS authentication,0.002,3.362,ENABLE_3DS,7.7316,MEDIUM,0.62,7.7316,1
T-275,4726,RON,ES,IT,EEA,Credit,MASTERCARD,card_present,POS,POS,5411,True,05,2026-05-06T10:00:00,2026-05-13T10:00:00,7,Standard Credit,clearing time,0.0185,87.431,OPTIMIZE_CLEARING,13.4256,LOW,0.6,13.4256,0
T-276,1006,RON,FR,FR,EEA,Debit,MASTERCARD,card_not_present,MOTO,MOTO,5732,False,07,2026-05-15T10:00:00,2026-05-17T10:00:00,2,Ecom Secure Preferred Credit,MCC classification,0.025,25.15,FIX_MCC,1.0314,MEDIUM,0.92,1.0314,0
T-277,2830,EUR,FR,IT,EU,Debit,VISA,card_not_present,eCommerce,eCommerce,5732,False,07,2026-05-16T10:00:00,2026-05-19T10:00:00,3,Standard Credit,clearing time,0.003,8.49,OPTIMIZE_CLEARING,9.2181,MEDIUM,0.82,9.2181,1
T-278,4569,EUR,IT,DE,EEA,Commercial,MASTERCARD,card_present,POS,POS,5411,True,05,2026-05-07T10:00:00,2026-05-08T10:00:00,1,Standard Credit,clearing time,0.025,114.225,OPTIMIZE_CLEARING,11.1879,HIGH,0.33,11.1879,0
T-279,830,EUR,FR,FR,EEA,Prepaid,MASTERCARD,card_not_present,eCommerce,eCommerce,5732,False,07,2026-05-02T10:00:00,2026-05-03T10:00:00,1,Ecom Secure Preferred Credit,MCC classification,0.0125,10.375,FIX_MCC,2.0166,LOW,0.53,2.0166,0
T-280,4980,EUR,FR,FR,EEA,Commercial,VISA,card_not_present,MOTO,MOTO,5411,False,07,2026-05-19T10:00:00,2026-05-24T10:00:00,5,Standard Credit,3DS authentication,0.025,124.5,ENABLE_3DS,33.3271,MEDIUM,0.6,33.3271,1
T-281,1206,EUR,RO,RO,EU,Prepaid,VISA,card_not_present,MOTO,MOTO,5411,False,07,2026-05-11T10:00:00,2026-05-14T10:00:00,3,Ecom Secure Preferred Credit,3DS authentication,0.025,30.15,ENABLE_3DS,8.5162,HIGH,0.49,8.5162,1
T-282,2211,EUR,DE,DE,EU,Debit,VISA,card_not_present,MOTO,MOTO,5812,False,07,2026-05-13T10:00:00,2026-05-15T10:00:00,2,Ecom Secure Preferred Credit,MCC classification,0.015,33.165,FIX_MCC,7.3912,HIGH,0.76,7.3912,1
T-283,675,EUR,ES,RO,EU,Commercial,VISA,card_not_present,eCommerce,eCommerce,5732,False,07,2026-05-13T10:00:00,2026-05-13T10:00:00,0,Ecom Secure Preferred Credit,3DS authentication,0.002,1.35,ENABLE_3DS,2.9153,HIGH,0.4,2.9153,1
T-284,3213,RON,RO,RO,EEA,Prepaid,MASTERCARD,card_not_present,eCommerce,eCommerce,5411,True,05,2026-05-08T10:00:00,2026-05-13T10:00:00,5,Standard Credit,clearing time,0.0125,40.1625,OPTIMIZE_CLEARING,10.6976,MEDIUM,0.66,10.6976,0
T-285,1126,EUR,IT,ES,EU,Credit,MASTERCARD,card_not_present,MOTO,MOTO,5411,False,07,2026-05-06T10:00:00,2026-05-10T10:00:00,4,Ecom Secure Preferred Credit,MCC classification,0.0185,20.831,FIX_MCC,2.6682,MEDIUM,0.47,2.6682,1
T-286,2506,EUR,ES,RO,EEA,Commercial,MASTERCARD,card_not_present,eCommerce,eCommerce,5732,False,07,2026-05-17T10:00:00,2026-05-24T10:00:00,7,Ecom Secure Preferred Credit,3DS authentication,0.003,7.518,ENABLE_3DS,14.3329,MEDIUM,0.69,14.3329,1
T-287,79,EUR,IT,DE,EEA,Credit,MASTERCARD,card_present,POS,POS,5812,True,05,2026-05-07T10:00:00,2026-05-10T10:00:00,3,Ecom Non-Secure Credit,MCC classification,0.0185,1.4615,FIX_MCC,0.1826,HIGH,0.8,0.1826,0
T-288,2247,RON,FR,RO,EEA,Commercial,MASTERCARD,card_not_present,MOTO,MOTO,5812,True,05,2026-05-18T10:00:00,2026-05-25T10:00:00,7,Standard Credit,clearing time,0.0125,28.0875,OPTIMIZE_CLEARING,7.2774,MEDIUM,0.42,7.2774,0
T-289,178,EUR,FR,DE,EEA,Credit,VISA,card_not_present,eCommerce,eCommerce,5732,False,07,2026-05-18T10:00:00,2026-05-18T10:00:00,0,Ecom Non-Secure Credit,3DS authentication,0.003,0.534,ENABLE_3DS,1.5774,LOW,0.62,1.5774,1
T-290,2820,RON,DE,RO,EEA,Commercial,VISA,card_present,POS,POS,5812,False,07,2026-05-16T10:00:00,2026-05-18T10:00:00,2,Ecom Secure Preferred Credit,clearing time,0.015,42.3,OPTIMIZE_CLEARING,11.5361,LOW,0.42,11.5361,0
T-291,2068,RON,DE,IT,EU,Debit,MASTERCARD,card_not_present,eCommerce,eCommerce,5411,True,05,2026-05-04T10:00:00,2026-05-11T10:00:00,7,Standard Credit,clearing time,0.025,51.7,OPTIMIZE_CLEARING,5.6806,MEDIUM,0.91,5.6806,1
T-292,1319,EUR,DE,FR,EU,Debit,VISA,card_not_present,MOTO,MOTO,5732,False,07,2026-05-02T10:00:00,2026-05-07T10:00:00,5,Standard Credit,MCC classification,0.0185,24.4015,FIX_MCC,3.3803,MEDIUM,0.51,3.3803,1
T-293,1391,RON,FR,RO,EU,Debit,MASTERCARD,card_not_present,MOTO,MOTO,5732,False,07,2026-05-04T10:00:00,2026-05-07T10:00:00,3,Standard Credit,clearing time,0.003,4.173,OPTIMIZE_CLEARING,2.8193,HIGH,0.52,2.8193,0
T-294,511,RON,DE,IT,EU,Prepaid,MASTERCARD,card_present,POS,POS,5411,False,07,2026-05-21T10:00:00,2026-05-22T10:00:00,1,Standard Credit,3DS authentication,0.025,12.775,ENABLE_3DS,3.4144,LOW,0.31,3.4144,1
T-295,3114,EUR,DE,ES,EU,Prepaid,MASTERCARD,card_not_present,MOTO,MOTO,5812,False,07,2026-05-05T10:00:00,2026-05-07T10:00:00,2,Ecom Secure Preferred Credit,clearing time,0.002,6.228,OPTIMIZE_CLEARING,10.7617,MEDIUM,0.86,10.7617,1
T-296,4924,EUR,RO,ES,EEA,Debit,VISA,card_not_present,eCommerce,eCommerce,5812,False,07,2026-05-03T10:00:00,2026-05-07T10:00:00,4,Ecom Secure Preferred Credit,MCC classification,0.003,14.772,FIX_MCC,11.5623,HIGH,0.46,11.5623,1
T-297,538,EUR,IT,FR,EU,Credit,VISA,card_not_present,MOTO,MOTO,5732,False,07,2026-05-13T10:00:00,2026-05-14T10:00:00,1,Ecom Non-Secure Credit,MCC classification,0.0185,9.953,FIX_MCC,1.6407,LOW,0.87,1.6407,0
T-298,1675,EUR,IT,ES,EEA,Credit,MASTERCARD,card_present,POS,POS,5732,False,07,2026-05-07T10:00:00,2026-05-07T10:00:00,0,Standard Credit,3DS authentication,0.002,3.35,ENABLE_3DS,11.4822,HIGH,0.35,11.4822,1
T-299,1729,RON,ES,FR,EU,Credit,MASTERCARD,card_present,POS,POS,5732,False,07,2026-05-03T10:00:00,2026-05-06T10:00:00,3,Ecom Non-Secure Credit,MCC classification,0.025,43.225,FIX_MCC,2.0439,HIGH,0.36,2.0439,1
T-300,1912,RON,ES,FR,EEA,Commercial,VISA,card_present,POS,POS,5732,False,07,2026-05-07T10:00:00,2026-05-08T10:00:00,1,Ecom Non-Secure Credit,MCC classification,0.0185,35.372,FIX_MCC,5.6798,HIGH,0.56,5.6798,0
T-301,2784,EUR,IT,IT,EEA,Debit,VISA,card_not_present,eCommerce,eCommerce,5411,False,07,2026-05-18T10:00:00,2026-05-22T10:00:00,4,Standard Credit,MCC classification,0.015,41.76,FIX_MCC,10.5808,HIGH,0.47,10.5808,1
T-302,3726,EUR,RO,FR,EU,Debit,MASTERCARD,card_present,POS,POS,5732,True,05,2026-05-01T10:00:00,2026-05-06T10:00:00,5,Standard Credit,clearing time,0.002,7.452,OPTIMIZE_CLEARING,18.4395,MEDIUM,0.9,18.4395,0
T-303,4208,RON,FR,FR,EU,Debit,MASTERCARD,card_not_present,MOTO,MOTO,5411,True,05,2026-05-19T10:00:00,2026-05-20T10:00:00,1,Ecom Non-Secure Credit,MCC classification,0.002,8.416,FIX_MCC,4.6844,HIGH,0.56,4.6844,1
T-304,1801,RON,ES,IT,EU,Credit,MASTERCARD,card_not_present,eCommerce,eCommerce,5411,False,07,2026-05-11T10:00:00,2026-05-18T10:00:00,7,Ecom Secure Preferred Credit,MCC classification,0.015,27.015,FIX_MCC,2.7352,MEDIUM,0.9,2.7352,0
T-305,1007,EUR,RO,FR,EU,Prepaid,VISA,card_not_present,MOTO,MOTO,5411,False,07,2026-05-21T10:00:00,2026-05-28T10:00:00,7,Standard Credit,3DS authentication,0.0185,18.6295,ENABLE_3DS,8.7038,HIGH,0.44,8.7038,1
T-306,433,EUR,FR,IT,EU,Debit,MASTERCARD,card_not_present,MOTO,MOTO,5732,True,05,2026-05-13T10:00:00,2026-05-16T10:00:00,3,Ecom Secure Preferred Credit,MCC classification,0.0185,8.0105,FIX_MCC,1.1803,HIGH,0.78,1.1803,0
T-307,4510,EUR,ES,DE,EEA,Commercial,VISA,card_present,POS,POS,5812,True,05,2026-05-03T10:00:00,2026-05-06T10:00:00,3,Standard Credit,clearing time,0.0185,83.435,OPTIMIZE_CLEARING,14.8987,HIGH,0.64,14.8987,0
T-308,2005,RON,RO,IT,EEA,Prepaid,MASTERCARD,card_present,POS,POS,5732,False,07,2026-05-14T10:00:00,2026-05-16T10:00:00,2,Ecom Secure Preferred Credit,3DS authentication,0.025,50.125,ENABLE_3DS,17.2845,MEDIUM,0.69,17.2845,1
T-309,218,RON,DE,FR,EU,Credit,VISA,card_not_present,eCommerce,eCommerce,5812,True,05,2026-05-12T10:00:00,2026-05-16T10:00:00,4,Ecom Non-Secure Credit,clearing time,0.015,3.27,OPTIMIZE_CLEARING,0.8436,LOW,0.92,0.8436,1
T-310,1229,EUR,DE,ES,EU,Debit,MASTERCARD,card_not_present,eCommerce,eCommerce,5812,True,05,2026-05-11T10:00:00,2026-05-16T10:00:00,5,Ecom Secure Preferred Credit,clearing time,0.002,2.458,OPTIMIZE_CLEARING,3.583,HIGH,0.77,3.583,1
T-311,1177,RON,RO,FR,EU,Prepaid,VISA,card_not_present,MOTO,MOTO,5411,False,07,2026-05-01T10:00:00,2026-05-04T10:00:00,3,Standard Credit,MCC classification,0.0185,21.7745,FIX_MCC,4.3762,LOW,0.34,4.3762,0
T-312,2242,EUR,ES,RO,EEA,Commercial,VISA,card_not_present,MOTO,MOTO,5732,True,05,2026-05-12T10:00:00,2026-05-19T10:00:00,7,Ecom Non-Secure Credit,MCC classification,0.002,4.484,FIX_MCC,2.3703,HIGH,0.93,2.3703,1
T-313,4613,RON,RO,FR,EEA,Prepaid,MASTERCARD,card_not_present,eCommerce,eCommerce,5732,False,07,2026-05-02T10:00:00,2026-05-03T10:00:00,1,Standard Credit,MCC classification,0.0185,85.3405,FIX_MCC,8.8329,MEDIUM,0.83,8.8329,1
T-314,2130,RON,IT,ES,EU,Commercial,VISA,card_not_present,eCommerce,eCommerce,5812,True,05,2026-05-18T10:00:00,2026-05-20T10:00:00,2,Ecom Non-Secure Credit,clearing time,0.003,6.39,OPTIMIZE_CLEARING,5.2294,MEDIUM,0.93,5.2294,1
T-315,4979,EUR,ES,DE,EEA,Debit,VISA,card_present,POS,POS,5411,True,05,2026-05-18T10:00:00,2026-05-19T10:00:00,1,Ecom Non-Secure Credit,clearing time,0.003,14.937,OPTIMIZE_CLEARING,19.704,HIGH,0.65,19.704,0
T-316,989,EUR,IT,FR,EEA,Prepaid,VISA,card_present,POS,POS,5732,False,07,2026-05-05T10:00:00,2026-05-10T10:00:00,5,Ecom Non-Secure Credit,3DS authentication,0.002,1.978,ENABLE_3DS,7.7411,LOW,0.42,7.7411,1
T-317,2206,RON,IT,DE,EEA,Prepaid,VISA,card_not_present,MOTO,MOTO,5411,False,07,2026-05-20T10:00:00,2026-05-21T10:00:00,1,Ecom Secure Preferred Credit,MCC classification,0.0185,40.811,FIX_MCC,3.7426,MEDIUM,0.39,3.7426,0
T-318,1603,EUR,DE,DE,EU,Credit,VISA,card_not_present,eCommerce,eCommerce,5411,False,07,2026-05-14T10:00:00,2026-05-21T10:00:00,7,Standard Credit,3DS authentication,0.002,3.206,ENABLE_3DS,13.8294,MEDIUM,0.75,13.8294,1
T-319,3768,EUR,FR,IT,EU,Credit,MASTERCARD,card_present,POS,POS,5411,False,07,2026-05-13T10:00:00,2026-05-20T10:00:00,7,Ecom Non-Secure Credit,3DS authentication,0.002,7.536,ENABLE_3DS,26.5254,LOW,0.64,26.5254,1
T-320,3260,EUR,IT,IT,EEA,Prepaid,MASTERCARD,card_not_present,eCommerce,eCommerce,5732,True,05,2026-05-18T10:00:00,2026-05-21T10:00:00,3,Ecom Secure Preferred Credit,MCC classification,0.0185,60.31,FIX_MCC,10.7433,MEDIUM,0.7,10.7433,0
T-321,466,RON,IT,IT,EEA,Commercial,VISA,card_not_present,MOTO,MOTO,5732,True,05,2026-05-05T10:00:00,2026-05-08T10:00:00,3,Ecom Secure Preferred Credit,MCC classification,0.025,11.65,FIX_MCC,1.0975,HIGH,0.88,1.0975,0
T-322,1674,RON,RO,IT,EEA,Credit,MASTERCARD,card_not_present,eCommerce,eCommerce,5812,True,05,2026-05-09T10:00:00,2026-05-11T10:00:00,2,Standard Credit,clearing time,0.025,41.85,OPTIMIZE_CLEARING,6.6052,HIGH,0.92,6.6052,0
T-323,3122,RON,DE,RO,EEA,Prepaid,MASTERCARD,card_present,POS,POS,5812,True,05,2026-05-02T10:00:00,2026-05-09T10:00:00,7,Ecom Secure Preferred Credit,MCC classification,0.003,9.366,FIX_MCC,11.6662,MEDIUM,0.71,11.6662,0
T-324,983,EUR,IT,ES,EU,Commercial,VISA,card_not_present,eCommerce,eCommerce,5732,False,07,2026-05-01T10:00:00,2026-05-05T10:00:00,4,Standard Credit,3DS authentication,0.0125,12.2875,ENABLE_3DS,3.992,HIGH,0.61,3.992,1
T-325,3379,RON,DE,DE,EU,Prepaid,VISA,card_not_present,eCommerce,eCommerce,5732,True,05,2026-05-20T10:00:00,2026-05-24T10:00:00,4,Ecom Non-Secure Credit,clearing time,0.002,6.758,OPTIMIZE_CLEARING,9.2387,HIGH,0.68,9.2387,1
T-326,4962,EUR,ES,ES,EU,Commercial,MASTERCARD,card_present,POS,POS,5732,True,05,2026-05-03T10:00:00,2026-05-03T10:00:00,0,Ecom Non-Secure Credit,clearing time,0.002,9.924,OPTIMIZE_CLEARING,16.1308,MEDIUM,0.51,16.1308,0
T-327,3124,RON,FR,FR,EEA,Debit,VISA,card_present,POS,POS,5812,False,07,2026-05-18T10:00:00,2026-05-18T10:00:00,0,Ecom Non-Secure Credit,3DS authentication,0.0125,39.05,ENABLE_3DS,19.8502,LOW,0.67,19.8502,1
T-328,4353,EUR,FR,ES,EEA,Debit,MASTERCARD,card_present,POS,POS,5812,False,07,2026-05-20T10:00:00,2026-05-27T10:00:00,7,Standard Credit,3DS authentication,0.025,108.825,ENABLE_3DS,23.6626,HIGH,0.62,23.6626,1
T-329,1493,RON,ES,IT,EEA,Credit,MASTERCARD,card_not_present,eCommerce,eCommerce,5411,True,05,2026-05-10T10:00:00,2026-05-11T10:00:00,1,Standard Credit,MCC classification,0.002,2.986,FIX_MCC,2.0224,HIGH,0.44,2.0224,1
T-330,1668,RON,FR,FR,EEA,Credit,VISA,card_present,POS,POS,5732,True,05,2026-05-09T10:00:00,2026-05-16T10:00:00,7,Ecom Secure Preferred Credit,MCC classification,0.002,3.336,FIX_MCC,3.2081,MEDIUM,0.9,3.2081,1
T-331,3944,EUR,IT,RO,EEA,Prepaid,VISA,card_not_present,eCommerce,eCommerce,5732,False,07,2026-05-21T10:00:00,2026-05-22T10:00:00,1,Standard Credit,clearing time,0.015,59.16,OPTIMIZE_CLEARING,9.7265,HIGH,0.52,9.7265,1
T-332,2916,EUR,ES,DE,EEA,Debit,VISA,card_not_present,eCommerce,eCommerce,5411,False,07,2026-05-09T10:00:00,2026-05-16T10:00:00,7,Standard Credit,3DS authentication,0.002,5.832,ENABLE_3DS,16.6088,MEDIUM,0.76,16.6088,1
T-333,2244,EUR,DE,RO,EEA,Credit,VISA,card_not_present,eCommerce,eCommerce,5732,True,05,2026-05-16T10:00:00,2026-05-17T10:00:00,1,Ecom Secure Preferred Credit,clearing time,0.0125,28.05,OPTIMIZE_CLEARING,7.5302,HIGH,0.32,7.5302,1
T-334,3973,RON,RO,ES,EU,Debit,VISA,card_not_present,eCommerce,eCommerce,5411,False,07,2026-05-07T10:00:00,2026-05-09T10:00:00,2,Ecom Secure Preferred Credit,MCC classification,0.015,59.595,FIX_MCC,12.703,HIGH,0.86,12.703,1
T-335,968,EUR,IT,RO,EU,Prepaid,VISA,card_present,POS,POS,5812,False,07,2026-05-02T10:00:00,2026-05-07T10:00:00,5,Ecom Secure Preferred Credit,3DS authentication,0.0185,17.908,ENABLE_3DS,8.0919,HIGH,0.88,8.0919,1
T-336,2648,EUR,RO,FR,EU,Debit,MASTERCARD,card_not_present,eCommerce,eCommerce,5732,False,07,2026-05-10T10:00:00,2026-05-12T10:00:00,2,Ecom Non-Secure Credit,3DS authentication,0.0185,48.988,ENABLE_3DS,14.8175,HIGH,0.66,14.8175,1
T-337,858,EUR,ES,DE,EU,Credit,MASTERCARD,card_not_present,MOTO,MOTO,5812,False,07,2026-05-12T10:00:00,2026-05-16T10:00:00,4,Ecom Secure Preferred Credit,3DS authentication,0.0125,10.725,ENABLE_3DS,4.5948,HIGH,0.59,4.5948,1
T-338,1085,EUR,IT,DE,EEA,Prepaid,MASTERCARD,card_present,POS,POS,5411,False,07,2026-05-02T10:00:00,2026-05-02T10:00:00,0,Ecom Non-Secure Credit,3DS authentication,0.015,16.275,ENABLE_3DS,4.6319,HIGH,0.79,4.6319,1
T-339,4390,EUR,RO,IT,EEA,Commercial,MASTERCARD,card_present,POS,POS,5732,False,07,2026-05-19T10:00:00,2026-05-20T10:00:00,1,Ecom Non-Secure Credit,3DS authentication,0.002,8.78,ENABLE_3DS,35.4021,LOW,0.86,35.4021,1
T-340,2133,EUR,RO,RO,EEA,Credit,MASTERCARD,card_present,POS,POS,5411,False,07,2026-05-06T10:00:00,2026-05-11T10:00:00,5,Ecom Secure Preferred Credit,clearing time,0.025,53.325,OPTIMIZE_CLEARING,6.3798,LOW,0.48,6.3798,1
T-341,2875,RON,FR,ES,EEA,Commercial,MASTERCARD,card_not_present,MOTO,MOTO,5732,False,07,2026-05-05T10:00:00,2026-05-09T10:00:00,4,Standard Credit,MCC classification,0.002,5.75,FIX_MCC,6.374,LOW,0.66,6.374,0
T-342,3971,RON,DE,RO,EEA,Credit,MASTERCARD,card_not_present,eCommerce,eCommerce,5411,False,07,2026-05-11T10:00:00,2026-05-12T10:00:00,1,Standard Credit,clearing time,0.025,99.275,OPTIMIZE_CLEARING,14.9822,LOW,0.83,14.9822,1
T-343,1463,EUR,RO,RO,EU,Debit,VISA,card_present,POS,POS,5732,False,07,2026-05-03T10:00:00,2026-05-07T10:00:00,4,Standard Credit,clearing time,0.002,2.926,OPTIMIZE_CLEARING,5.9347,LOW,0.59,5.9347,1
T-344,2407,EUR,IT,FR,EU,Credit,MASTERCARD,card_not_present,MOTO,MOTO,5732,False,07,2026-05-19T10:00:00,2026-05-22T10:00:00,3,Ecom Secure Preferred Credit,clearing time,0.003,7.221,OPTIMIZE_CLEARING,6.2991,LOW,0.54,6.2991,1
T-345,4516,EUR,RO,DE,EEA,Commercial,MASTERCARD,card_not_present,eCommerce,eCommerce,5812,False,07,2026-05-18T10:00:00,2026-05-25T10:00:00,7,Ecom Secure Preferred Credit,3DS authentication,0.0125,56.45,ENABLE_3DS,20.541,MEDIUM,0.55,20.541,1
T-346,4485,EUR,FR,IT,EU,Prepaid,VISA,card_not_present,MOTO,MOTO,5732,False,07,2026-05-06T10:00:00,2026-05-09T10:00:00,3,Ecom Non-Secure Credit,3DS authentication,0.003,13.455,ENABLE_3DS,22.161,LOW,0.72,22.161,1
T-347,1199,EUR,ES,DE,EEA,Commercial,MASTERCARD,card_present,POS,POS,5411,False,07,2026-05-14T10:00:00,2026-05-15T10:00:00,1,Ecom Secure Preferred Credit,MCC classification,0.002,2.398,FIX_MCC,1.6926,LOW,0.42,1.6926,1
T-348,4972,EUR,IT,ES,EEA,Credit,VISA,card_not_present,MOTO,MOTO,5812,False,07,2026-05-16T10:00:00,2026-05-23T10:00:00,7,Ecom Secure Preferred Credit,3DS authentication,0.025,124.3,ENABLE_3DS,25.7736,HIGH,0.54,25.7736,1
T-349,4773,RON,ES,ES,EU,Debit,MASTERCARD,card_not_present,MOTO,MOTO,5812,False,07,2026-05-03T10:00:00,2026-05-04T10:00:00,1,Standard Credit,clearing time,0.025,119.325,OPTIMIZE_CLEARING,20.0174,HIGH,0.92,20.0174,1
T-350,659,RON,IT,IT,EEA,Prepaid,MASTERCARD,card_not_present,MOTO,MOTO,5411,False,07,2026-05-18T10:00:00,2026-05-25T10:00:00,7,Ecom Secure Preferred Credit,MCC classification,0.0185,12.1915,FIX_MCC,1.2768,MEDIUM,0.41,1.2768,0
T-351,4915,EUR,ES,RO,EEA,Commercial,VISA,card_present,POS,POS,5732,True,05,2026-05-19T10:00:00,2026-05-21T10:00:00,2,Standard Credit,MCC classification,0.002,9.83,FIX_MCC,14.194,LOW,0.85,14.194,0
T-352,2296,RON,ES,DE,EEA,Prepaid,VISA,card_not_present,eCommerce,eCommerce,5411,True,05,2026-05-20T10:00:00,2026-05-22T10:00:00,2,Standard Credit,clearing time,0.0125,28.7,OPTIMIZE_CLEARING,10.5009,LOW,0.62,10.5009,0
T-353,4340,RON,IT,IT,EEA,Debit,MASTERCARD,card_present,POS,POS,5812,False,07,2026-05-03T10:00:00,2026-05-04T10:00:00,1,Standard Credit,3DS authentication,0.0185,80.29,ENABLE_3DS,37.6265,LOW,0.44,37.6265,1
T-354,2846,EUR,IT,IT,EEA,Commercial,VISA,card_not_present,MOTO,MOTO,5411,False,07,2026-05-09T10:00:00,2026-05-16T10:00:00,7,Standard Credit,3DS authentication,0.002,5.692,ENABLE_3DS,12.1314,HIGH,0.55,12.1314,1
T-355,2171,EUR,IT,FR,EU,Credit,MASTERCARD,card_not_present,MOTO,MOTO,5411,False,07,2026-05-14T10:00:00,2026-05-14T10:00:00,0,Standard Credit,3DS authentication,0.0125,27.1375,ENABLE_3DS,18.749,HIGH,0.86,18.749,1
T-356,2764,RON,ES,FR,EU,Prepaid,VISA,card_present,POS,POS,5812,True,05,2026-05-04T10:00:00,2026-05-06T10:00:00,2,Ecom Non-Secure Credit,clearing time,0.025,69.1,OPTIMIZE_CLEARING,10.372,LOW,0.31,10.372,1
T-357,820,RON,RO,ES,EU,Credit,VISA,card_not_present,eCommerce,eCommerce,5812,True,05,2026-05-15T10:00:00,2026-05-17T10:00:00,2,Standard Credit,MCC classification,0.003,2.46,FIX_MCC,2.6041,LOW,0.76,2.6041,1
T-358,1002,RON,RO,DE,EEA,Prepaid,MASTERCARD,card_not_present,MOTO,MOTO,5812,False,07,2026-05-05T10:00:00,2026-05-08T10:00:00,3,Ecom Non-Secure Credit,3DS authentication,0.025,25.05,ENABLE_3DS,7.8349,HIGH,0.59,7.8349,1
T-359,2284,EUR,IT,FR,EU,Prepaid,MASTERCARD,card_not_present,MOTO,MOTO,5732,True,05,2026-05-11T10:00:00,2026-05-13T10:00:00,2,Ecom Secure Preferred Credit,clearing time,0.003,6.852,OPTIMIZE_CLEARING,9.9176,LOW,0.62,9.9176,1
T-360,1663,RON,IT,FR,EU,Credit,VISA,card_present,POS,POS,5732,True,05,2026-05-06T10:00:00,2026-05-11T10:00:00,5,Standard Credit,MCC classification,0.015,24.945,FIX_MCC,2.204,HIGH,0.46,2.204,1
T-361,3672,RON,IT,FR,EU,Prepaid,MASTERCARD,card_present,POS,POS,5812,False,07,2026-05-05T10:00:00,2026-05-10T10:00:00,5,Ecom Non-Secure Credit,3DS authentication,0.025,91.8,ENABLE_3DS,14.7039,HIGH,0.76,14.7039,1
T-362,4039,RON,IT,IT,EU,Prepaid,MASTERCARD,card_present,POS,POS,5812,True,05,2026-05-13T10:00:00,2026-05-20T10:00:00,7,Ecom Secure Preferred Credit,clearing time,0.025,100.975,OPTIMIZE_CLEARING,17.5406,MEDIUM,0.34,17.5406,0
T-363,762,RON,ES,RO,EEA,Debit,MASTERCARD,card_not_present,MOTO,MOTO,5812,True,05,2026-05-11T10:00:00,2026-05-11T10:00:00,0,Ecom Secure Preferred Credit,clearing time,0.015,11.43,OPTIMIZE_CLEARING,3.2624,LOW,0.71,3.2624,1
T-364,2963,RON,ES,DE,EEA,Commercial,VISA,card_not_present,eCommerce,eCommerce,5812,True,05,2026-05-21T10:00:00,2026-05-24T10:00:00,3,Standard Credit,clearing time,0.025,74.075,OPTIMIZE_CLEARING,7.6101,MEDIUM,0.62,7.6101,0
T-365,3700,RON,IT,RO,EU,Commercial,VISA,card_not_present,eCommerce,eCommerce,5812,False,07,2026-05-11T10:00:00,2026-05-11T10:00:00,0,Standard Credit,3DS authentication,0.0125,46.25,ENABLE_3DS,29.3739,LOW,0.9,29.3739,1
T-366,322,RON,RO,DE,EU,Prepaid,VISA,card_not_present,eCommerce,eCommerce,5411,True,05,2026-05-16T10:00:00,2026-05-21T10:00:00,5,Standard Credit,MCC classification,0.002,0.644,FIX_MCC,0.7772,LOW,0.84,0.7772,0
T-367,543,RON,IT,FR,EEA,Prepaid,VISA,card_not_present,eCommerce,eCommerce,5812,False,07,2026-05-16T10:00:00,2026-05-20T10:00:00,4,Standard Credit,3DS authentication,0.0185,10.0455,ENABLE_3DS,2.7709,HIGH,0.39,2.7709,1
T-368,1766,RON,IT,DE,EEA,Debit,MASTERCARD,card_not_present,MOTO,MOTO,5732,False,07,2026-05-06T10:00:00,2026-05-08T10:00:00,2,Standard Credit,3DS authentication,0.002,3.532,ENABLE_3DS,8.1302,LOW,0.39,8.1302,1
T-369,3101,RON,ES,FR,EEA,Commercial,VISA,card_not_present,eCommerce,eCommerce,5732,False,07,2026-05-16T10:00:00,2026-05-16T10:00:00,0,Ecom Non-Secure Credit,3DS authentication,0.002,6.202,ENABLE_3DS,12.516,HIGH,0.48,12.516,1
T-370,3709,RON,FR,FR,EEA,Credit,VISA,card_not_present,eCommerce,eCommerce,5732,False,07,2026-05-06T10:00:00,2026-05-10T10:00:00,4,Ecom Non-Secure Credit,clearing time,0.025,92.725,OPTIMIZE_CLEARING,7.8366,HIGH,0.93,7.8366,0
T-371,2984,RON,RO,DE,EEA,Commercial,VISA,card_not_present,MOTO,MOTO,5732,True,05,2026-05-08T10:00:00,2026-05-11T10:00:00,3,Standard Credit,MCC classification,0.025,74.6,FIX_MCC,8.8863,LOW,0.34,8.8863,1
T-372,3003,RON,RO,ES,EU,Debit,VISA,card_not_present,eCommerce,eCommerce,5411,True,05,2026-05-14T10:00:00,2026-05-16T10:00:00,2,Standard Credit,clearing time,0.0125,37.5375,OPTIMIZE_CLEARING,11.5629,LOW,0.35,11.5629,1
T-373,1947,RON,FR,DE,EU,Debit,MASTERCARD,card_present,POS,POS,5732,True,05,2026-05-19T10:00:00,2026-05-23T10:00:00,4,Ecom Secure Preferred Credit,MCC classification,0.0125,24.3375,FIX_MCC,4.3948,LOW,0.35,4.3948,1
T-374,4813,EUR,FR,DE,EEA,Debit,MASTERCARD,card_not_present,eCommerce,eCommerce,5411,True,05,2026-05-14T10:00:00,2026-05-15T10:00:00,1,Ecom Non-Secure Credit,clearing time,0.003,14.439,OPTIMIZE_CLEARING,23.0238,MEDIUM,0.38,23.0238,1
T-375,4678,RON,FR,DE,EEA,Debit,VISA,card_present,POS,POS,5812,False,07,2026-05-05T10:00:00,2026-05-05T10:00:00,0,Standard Credit,3DS authentication,0.015,70.17,ENABLE_3DS,29.4382,LOW,0.36,29.4382,1
T-376,4294,RON,FR,IT,EU,Debit,VISA,card_not_present,eCommerce,eCommerce,5411,True,05,2026-05-19T10:00:00,2026-05-22T10:00:00,3,Ecom Non-Secure Credit,clearing time,0.015,64.41,OPTIMIZE_CLEARING,12.1843,LOW,0.94,12.1843,1
T-377,4150,RON,IT,IT,EU,Credit,VISA,card_present,POS,POS,5812,False,07,2026-05-17T10:00:00,2026-05-20T10:00:00,3,Standard Credit,3DS authentication,0.015,62.25,ENABLE_3DS,33.4016,MEDIUM,0.92,33.4016,1
T-378,1107,EUR,ES,ES,EU,Commercial,MASTERCARD,card_present,POS,POS,5732,True,05,2026-05-08T10:00:00,2026-05-13T10:00:00,5,Standard Credit,clearing time,0.002,2.214,OPTIMIZE_CLEARING,2.2669,MEDIUM,0.42,2.2669,1
T-379,3054,EUR,IT,FR,EU,Credit,MASTERCARD,card_present,POS,POS,5812,True,05,2026-05-21T10:00:00,2026-05-21T10:00:00,0,Ecom Non-Secure Credit,MCC classification,0.025,76.35,FIX_MCC,3.7017,HIGH,0.91,3.7017,1
T-380,3001,EUR,FR,DE,EU,Debit,VISA,card_not_present,eCommerce,eCommerce,5411,False,07,2026-05-13T10:00:00,2026-05-15T10:00:00,2,Ecom Non-Secure Credit,3DS authentication,0.015,45.015,ENABLE_3DS,21.2941,HIGH,0.37,21.2941,1
T-381,3939,EUR,ES,IT,EEA,Credit,VISA,card_not_present,MOTO,MOTO,5411,False,07,2026-05-07T10:00:00,2026-05-14T10:00:00,7,Ecom Secure Preferred Credit,MCC classification,0.025,98.475,FIX_MCC,12.9304,MEDIUM,0.62,12.9304,1
T-382,4334,EUR,ES,FR,EU,Debit,MASTERCARD,card_present,POS,POS,5732,False,07,2026-05-18T10:00:00,2026-05-23T10:00:00,5,Ecom Non-Secure Credit,3DS authentication,0.0185,80.179,ENABLE_3DS,36.8271,MEDIUM,0.88,36.8271,1
T-383,2382,EUR,DE,DE,EU,Prepaid,MASTERCARD,card_not_present,eCommerce,eCommerce,5812,False,07,2026-05-06T10:00:00,2026-05-08T10:00:00,2,Standard Credit,3DS authentication,0.002,4.764,ENABLE_3DS,17.8302,LOW,0.61,17.8302,1
T-384,3461,EUR,IT,ES,EEA,Prepaid,MASTERCARD,card_not_present,MOTO,MOTO,5812,True,05,2026-05-21T10:00:00,2026-05-21T10:00:00,0,Standard Credit,clearing time,0.0125,43.2625,OPTIMIZE_CLEARING,8.885,HIGH,0.64,8.885,0
T-385,4513,EUR,DE,IT,EEA,Prepaid,VISA,card_present,POS,POS,5732,True,05,2026-05-10T10:00:00,2026-05-14T10:00:00,4,Ecom Secure Preferred Credit,clearing time,0.003,13.539,OPTIMIZE_CLEARING,21.1878,MEDIUM,0.6,21.1878,1
T-386,1382,RON,RO,RO,EEA,Debit,MASTERCARD,card_not_present,eCommerce,eCommerce,5411,True,05,2026-05-18T10:00:00,2026-05-20T10:00:00,2,Ecom Secure Preferred Credit,MCC classification,0.003,4.146,FIX_MCC,5.4169,LOW,0.43,5.4169,0
T-387,304,RON,RO,IT,EEA,Debit,MASTERCARD,card_present,POS,POS,5411,False,07,2026-05-12T10:00:00,2026-05-13T10:00:00,1,Ecom Non-Secure Credit,MCC classification,0.0125,3.8,FIX_MCC,0.713,LOW,0.93,0.713,0
T-388,4494,EUR,FR,RO,EEA,Credit,VISA,card_present,POS,POS,5812,True,05,2026-05-21T10:00:00,2026-05-26T10:00:00,5,Standard Credit,MCC classification,0.0125,56.175,FIX_MCC,10.8833,LOW,0.5,10.8833,1
T-389,3310,EUR,DE,RO,EU,Commercial,VISA,card_not_present,eCommerce,eCommerce,5812,True,05,2026-05-15T10:00:00,2026-05-17T10:00:00,2,Ecom Secure Preferred Credit,MCC classification,0.002,6.62,FIX_MCC,6.5508,LOW,0.62,6.5508,0
T-390,4961,EUR,FR,RO,EEA,Prepaid,MASTERCARD,card_not_present,MOTO,MOTO,5411,False,07,2026-05-02T10:00:00,2026-05-07T10:00:00,5,Ecom Secure Preferred Credit,MCC classification,0.0125,62.0125,FIX_MCC,10.8779,HIGH,0.36,10.8779,1
T-391,3659,RON,ES,ES,EU,Debit,VISA,card_present,POS,POS,5411,False,07,2026-05-15T10:00:00,2026-05-17T10:00:00,2,Ecom Secure Preferred Credit,MCC classification,0.003,10.977,FIX_MCC,12.5029,HIGH,0.94,12.5029,1
T-392,561,RON,ES,IT,EU,Debit,VISA,card_present,POS,POS,5411,False,07,2026-05-03T10:00:00,2026-05-03T10:00:00,0,Ecom Secure Preferred Credit,MCC classification,0.015,8.415,FIX_MCC,1.6361,HIGH,0.62,1.6361,1
T-393,2493,RON,FR,FR,EEA,Credit,MASTERCARD,card_present,POS,POS,5411,True,05,2026-05-16T10:00:00,2026-05-20T10:00:00,4,Ecom Non-Secure Credit,MCC classification,0.025,62.325,FIX_MCC,5.9592,MEDIUM,0.89,5.9592,0
T-394,2024,EUR,ES,IT,EEA,Prepaid,MASTERCARD,card_not_present,eCommerce,eCommerce,5812,False,07,2026-05-09T10:00:00,2026-05-12T10:00:00,3,Ecom Non-Secure Credit,3DS authentication,0.002,4.048,ENABLE_3DS,14.1568,MEDIUM,0.63,14.1568,1
T-395,4732,EUR,DE,FR,EU,Credit,MASTERCARD,card_present,POS,POS,5411,False,07,2026-05-06T10:00:00,2026-05-10T10:00:00,4,Ecom Secure Preferred Credit,3DS authentication,0.002,9.464,ENABLE_3DS,22.3856,HIGH,0.89,22.3856,1
T-396,2936,RON,DE,RO,EU,Prepaid,MASTERCARD,card_present,POS,POS,5812,False,07,2026-05-10T10:00:00,2026-05-14T10:00:00,4,Ecom Secure Preferred Credit,3DS authentication,0.025,73.4,ENABLE_3DS,25.4891,MEDIUM,0.75,25.4891,1
T-397,2989,EUR,FR,IT,EEA,Prepaid,VISA,card_not_present,MOTO,MOTO,5732,False,07,2026-05-19T10:00:00,2026-05-21T10:00:00,2,Ecom Non-Secure Credit,3DS authentication,0.003,8.967,ENABLE_3DS,12.1488,LOW,0.63,12.1488,1
T-398,1563,EUR,RO,RO,EU,Credit,MASTERCARD,card_not_present,MOTO,MOTO,5411,False,07,2026-05-17T10:00:00,2026-05-24T10:00:00,7,Ecom Secure Preferred Credit,MCC classification,0.0185,28.9155,FIX_MCC,4.9041,HIGH,0.54,4.9041,0
T-399,3640,RON,DE,DE,EEA,Debit,VISA,card_not_present,MOTO,MOTO,5732,True,05,2026-05-11T10:00:00,2026-05-12T10:00:00,1,Ecom Non-Secure Credit,MCC classification,0.025,91.0,FIX_MCC,6.9672,MEDIUM,0.75,6.9672,0
T-400,935,RON,RO,ES,EU,Commercial,VISA,card_not_present,eCommerce,eCommerce,5411,False,07,2026-05-16T10:00:00,2026-05-23T10:00:00,7,Ecom Non-Secure Credit,3DS authentication,0.015,14.025,ENABLE_3DS,3.9388,LOW,0.5,3.9388,1
T-401,104,RON,FR,RO,EU,Debit,MASTERCARD,card_not_present,eCommerce,eCommerce,5812,False,07,2026-05-20T10:00:00,2026-05-21T10:00:00,1,Ecom Secure Preferred Credit,3DS authentication,0.0185,1.924,ENABLE_3DS,0.8846,MEDIUM,0.4,0.8846,1
T-402,4121,RON,FR,DE,EU,Credit,VISA,card_not_present,MOTO,MOTO,5812,True,05,2026-05-08T10:00:00,2026-05-12T10:00:00,4,Standard Credit,MCC classification,0.0185,76.2385,FIX_MCC,4.9659,MEDIUM,0.54,4.9659,0
T-403,4848,EUR,DE,ES,EU,Commercial,VISA,card_present,POS,POS,5411,False,07,2026-05-04T10:00:00,2026-05-05T10:00:00,1,Ecom Non-Secure Credit,3DS authentication,0.0125,60.6,ENABLE_3DS,43.1787,MEDIUM,0.37,43.1787,1
T-404,1133,RON,IT,FR,EEA,Prepaid,MASTERCARD,card_present,POS,POS,5732,False,07,2026-05-10T10:00:00,2026-05-14T10:00:00,4,Standard Credit,clearing time,0.025,28.325,OPTIMIZE_CLEARING,2.404,MEDIUM,0.49,2.404,1
T-405,3525,EUR,RO,IT,EEA,Credit,VISA,card_not_present,eCommerce,eCommerce,5732,False,07,2026-05-16T10:00:00,2026-05-21T10:00:00,5,Ecom Secure Preferred Credit,3DS authentication,0.0125,44.0625,ENABLE_3DS,17.2601,MEDIUM,0.75,17.2601,1
T-406,853,RON,IT,IT,EEA,Prepaid,MASTERCARD,card_not_present,eCommerce,eCommerce,5411,True,05,2026-05-03T10:00:00,2026-05-05T10:00:00,2,Ecom Secure Preferred Credit,MCC classification,0.003,2.559,FIX_MCC,1.7196,HIGH,0.69,1.7196,1
T-407,3333,EUR,DE,DE,EU,Credit,VISA,card_not_present,MOTO,MOTO,5732,False,07,2026-05-09T10:00:00,2026-05-10T10:00:00,1,Ecom Secure Preferred Credit,clearing time,0.015,49.995,OPTIMIZE_CLEARING,7.7463,HIGH,0.32,7.7463,1
T-408,1487,EUR,IT,DE,EEA,Commercial,MASTERCARD,card_not_present,MOTO,MOTO,5812,True,05,2026-05-11T10:00:00,2026-05-12T10:00:00,1,Ecom Secure Preferred Credit,clearing time,0.0125,18.5875,OPTIMIZE_CLEARING,5.7486,HIGH,0.52,5.7486,0
T-409,4448,EUR,IT,RO,EU,Debit,MASTERCARD,card_not_present,eCommerce,eCommerce,5812,False,07,2026-05-02T10:00:00,2026-05-05T10:00:00,3,Ecom Non-Secure Credit,MCC classification,0.002,8.896,FIX_MCC,9.5672,MEDIUM,0.58,9.5672,1
T-410,2579,EUR,ES,DE,EU,Commercial,MASTERCARD,card_present,POS,POS,5411,False,07,2026-05-16T10:00:00,2026-05-23T10:00:00,7,Standard Credit,MCC classification,0.002,5.158,FIX_MCC,6.9802,MEDIUM,0.7,6.9802,1
T-411,2909,RON,FR,IT,EU,Commercial,MASTERCARD,card_present,POS,POS,5411,False,07,2026-05-02T10:00:00,2026-05-02T10:00:00,0,Ecom Secure Preferred Credit,clearing time,0.0185,53.8165,OPTIMIZE_CLEARING,6.2117,MEDIUM,0.34,6.2117,1
T-412,2020,RON,FR,RO,EEA,Debit,VISA,card_not_present,eCommerce,eCommerce,5812,False,07,2026-05-21T10:00:00,2026-05-23T10:00:00,2,Ecom Secure Preferred Credit,3DS authentication,0.0185,37.37,ENABLE_3DS,8.9379,LOW,0.6,8.9379,1
T-413,3480,EUR,ES,IT,EEA,Credit,MASTERCARD,card_not_present,MOTO,MOTO,5732,False,07,2026-05-14T10:00:00,2026-05-16T10:00:00,2,Standard Credit,MCC classification,0.002,6.96,FIX_MCC,10.7458,HIGH,0.43,10.7458,0
T-414,4089,EUR,RO,ES,EU,Prepaid,MASTERCARD,card_not_present,MOTO,MOTO,5732,True,05,2026-05-11T10:00:00,2026-05-12T10:00:00,1,Ecom Secure Preferred Credit,MCC classification,0.0185,75.6465,FIX_MCC,7.7632,HIGH,0.56,7.7632,1
T-415,1870,RON,ES,ES,EEA,Commercial,VISA,card_not_present,MOTO,MOTO,5411,False,07,2026-05-03T10:00:00,2026-05-08T10:00:00,5,Ecom Non-Secure Credit,MCC classification,0.0185,34.595,FIX_MCC,2.4015,HIGH,0.84,2.4015,1
T-416,4154,RON,RO,ES,EU,Commercial,VISA,card_present,POS,POS,5812,False,07,2026-05-18T10:00:00,2026-05-20T10:00:00,2,Standard Credit,clearing time,0.003,12.462,OPTIMIZE_CLEARING,13.4712,MEDIUM,0.47,13.4712,1
T-417,4384,EUR,DE,DE,EU,Prepaid,MASTERCARD,card_present,POS,POS,5411,False,07,2026-05-19T10:00:00,2026-05-24T10:00:00,5,Ecom Secure Preferred Credit,MCC classification,0.025,109.6,FIX_MCC,5.1716,LOW,0.71,5.1716,0
T-418,3398,RON,RO,DE,EU,Credit,VISA,card_present,POS,POS,5411,False,07,2026-05-21T10:00:00,2026-05-22T10:00:00,1,Ecom Secure Preferred Credit,clearing time,0.0125,42.475,OPTIMIZE_CLEARING,13.7978,MEDIUM,0.66,13.7978,0
T-419,3592,EUR,ES,DE,EU,Commercial,VISA,card_not_present,MOTO,MOTO,5732,False,07,2026-05-02T10:00:00,2026-05-03T10:00:00,1,Ecom Non-Secure Credit,clearing time,0.003,10.776,OPTIMIZE_CLEARING,10.1227,MEDIUM,0.69,10.1227,0
T-420,540,RON,ES,ES,EEA,Commercial,VISA,card_present,POS,POS,5732,True,05,2026-05-03T10:00:00,2026-05-06T10:00:00,3,Standard Credit,clearing time,0.025,13.5,OPTIMIZE_CLEARING,2.4453,LOW,0.8,2.4453,0
T-421,2587,RON,RO,DE,EU,Prepaid,MASTERCARD,card_not_present,MOTO,MOTO,5411,True,05,2026-05-13T10:00:00,2026-05-20T10:00:00,7,Ecom Secure Preferred Credit,clearing time,0.025,64.675,OPTIMIZE_CLEARING,10.9479,HIGH,0.34,10.9479,1
T-422,4390,RON,FR,IT,EEA,Prepaid,VISA,card_not_present,MOTO,MOTO,5812,False,07,2026-05-04T10:00:00,2026-05-06T10:00:00,2,Standard Credit,clearing time,0.0185,81.215,OPTIMIZE_CLEARING,14.3612,LOW,0.85,14.3612,0
T-423,467,RON,IT,IT,EU,Commercial,MASTERCARD,card_not_present,MOTO,MOTO,5411,True,05,2026-05-08T10:00:00,2026-05-10T10:00:00,2,Ecom Non-Secure Credit,MCC classification,0.0185,8.6395,FIX_MCC,1.006,LOW,0.49,1.006,1
T-424,1332,RON,IT,IT,EEA,Prepaid,MASTERCARD,card_not_present,MOTO,MOTO,5732,False,07,2026-05-11T10:00:00,2026-05-18T10:00:00,7,Ecom Non-Secure Credit,clearing time,0.025,33.3,OPTIMIZE_CLEARING,4.2875,HIGH,0.47,4.2875,0
T-425,563,RON,DE,IT,EU,Credit,MASTERCARD,card_present,POS,POS,5732,True,05,2026-05-20T10:00:00,2026-05-25T10:00:00,5,Standard Credit,clearing time,0.0185,10.4155,OPTIMIZE_CLEARING,2.3721,MEDIUM,0.5,2.3721,1
T-426,693,RON,ES,IT,EEA,Commercial,MASTERCARD,card_not_present,eCommerce,eCommerce,5812,False,07,2026-05-08T10:00:00,2026-05-12T10:00:00,4,Ecom Non-Secure Credit,3DS authentication,0.025,17.325,ENABLE_3DS,6.1319,MEDIUM,0.41,6.1319,1
T-427,4878,RON,RO,RO,EU,Credit,MASTERCARD,card_present,POS,POS,5732,False,07,2026-05-07T10:00:00,2026-05-07T10:00:00,0,Ecom Secure Preferred Credit,clearing time,0.015,73.17,OPTIMIZE_CLEARING,15.1355,HIGH,0.85,15.1355,1
T-428,427,RON,RO,ES,EEA,Commercial,MASTERCARD,card_not_present,MOTO,MOTO,5732,True,05,2026-05-14T10:00:00,2026-05-18T10:00:00,4,Ecom Non-Secure Credit,clearing time,0.0125,5.3375,OPTIMIZE_CLEARING,1.0452,HIGH,0.43,1.0452,1
T-429,2200,EUR,DE,IT,EU,Commercial,VISA,card_not_present,MOTO,MOTO,5732,True,05,2026-05-16T10:00:00,2026-05-19T10:00:00,3,Ecom Secure Preferred Credit,clearing time,0.003,6.6,OPTIMIZE_CLEARING,7.2466,MEDIUM,0.45,7.2466,0
T-430,3714,RON,IT,DE,EEA,Commercial,VISA,card_present,POS,POS,5812,False,07,2026-05-19T10:00:00,2026-05-24T10:00:00,5,Ecom Secure Preferred Credit,3DS authentication,0.025,92.85,ENABLE_3DS,23.3641,HIGH,0.58,23.3641,1
T-431,4912,EUR,ES,ES,EU,Credit,MASTERCARD,card_not_present,eCommerce,eCommerce,5812,False,07,2026-05-04T10:00:00,2026-05-08T10:00:00,4,Standard Credit,clearing time,0.002,9.824,OPTIMIZE_CLEARING,10.5919,MEDIUM,0.5,10.5919,0
T-432,3253,EUR,FR,IT,EU,Credit,MASTERCARD,card_present,POS,POS,5812,True,05,2026-05-05T10:00:00,2026-05-09T10:00:00,4,Standard Credit,MCC classification,0.002,6.506,FIX_MCC,8.918,MEDIUM,0.39,8.918,1
T-433,977,EUR,ES,FR,EEA,Commercial,VISA,card_not_present,eCommerce,eCommerce,5411,False,07,2026-05-05T10:00:00,2026-05-08T10:00:00,3,Standard Credit,clearing time,0.0125,12.2125,OPTIMIZE_CLEARING,4.1459,MEDIUM,0.8,4.1459,1
T-434,1259,RON,DE,RO,EEA,Prepaid,VISA,card_not_present,MOTO,MOTO,5812,True,05,2026-05-21T10:00:00,2026-05-28T10:00:00,7,Ecom Secure Preferred Credit,MCC classification,0.015,18.885,FIX_MCC,1.46,MEDIUM,0.38,1.46,0
T-435,4074,EUR,RO,DE,EU,Prepaid,VISA,card_present,POS,POS,5732,False,07,2026-05-12T10:00:00,2026-05-17T10:00:00,5,Ecom Secure Preferred Credit,3DS authentication,0.0185,75.369,ENABLE_3DS,26.1795,LOW,0.84,26.1795,1
T-436,4187,EUR,RO,DE,EEA,Credit,MASTERCARD,card_not_present,MOTO,MOTO,5732,True,05,2026-05-19T10:00:00,2026-05-20T10:00:00,1,Ecom Secure Preferred Credit,clearing time,0.0185,77.4595,OPTIMIZE_CLEARING,20.9099,HIGH,0.94,20.9099,0
T-437,1019,EUR,IT,FR,EU,Prepaid,VISA,card_present,POS,POS,5812,False,07,2026-05-19T10:00:00,2026-05-19T10:00:00,0,Standard Credit,clearing time,0.0125,12.7375,OPTIMIZE_CLEARING,2.5081,MEDIUM,0.51,2.5081,0
T-438,4682,RON,RO,ES,EEA,Credit,MASTERCARD,card_not_present,eCommerce,eCommerce,5411,False,07,2026-05-02T10:00:00,2026-05-09T10:00:00,7,Ecom Non-Secure Credit,3DS authentication,0.025,117.05,ENABLE_3DS,25.352,LOW,0.93,25.352,1
T-439,3287,EUR,DE,RO,EEA,Commercial,MASTERCARD,card_not_present,eCommerce,eCommerce,5812,False,07,2026-05-07T10:00:00,2026-05-08T10:00:00,1,Ecom Secure Preferred Credit,3DS authentication,0.015,49.305,ENABLE_3DS,25.959,HIGH,0.69,25.959,1
T-440,2961,EUR,ES,ES,EEA,Credit,MASTERCARD,card_not_present,eCommerce,eCommerce,5411,False,07,2026-05-12T10:00:00,2026-05-16T10:00:00,4,Standard Credit,MCC classification,0.003,8.883,FIX_MCC,7.3103,LOW,0.58,7.3103,1
T-441,3509,RON,IT,ES,EU,Prepaid,MASTERCARD,card_not_present,eCommerce,eCommerce,5411,False,07,2026-05-17T10:00:00,2026-05-19T10:00:00,2,Ecom Non-Secure Credit,3DS authentication,0.015,52.635,ENABLE_3DS,25.9041,MEDIUM,0.5,25.9041,1
T-442,1066,RON,ES,RO,EEA,Commercial,VISA,card_present,POS,POS,5411,True,05,2026-05-08T10:00:00,2026-05-12T10:00:00,4,Standard Credit,MCC classification,0.015,15.99,FIX_MCC,2.011,HIGH,0.67,2.011,0
T-443,2095,RON,IT,RO,EU,Commercial,MASTERCARD,card_present,POS,POS,5411,True,05,2026-05-19T10:00:00,2026-05-19T10:00:00,0,Standard Credit,clearing time,0.0185,38.7575,OPTIMIZE_CLEARING,4.2922,HIGH,0.6,4.2922,1
T-444,3705,RON,IT,ES,EU,Credit,MASTERCARD,card_present,POS,POS,5732,False,07,2026-05-11T10:00:00,2026-05-18T10:00:00,7,Ecom Non-Secure Credit,MCC classification,0.003,11.115,FIX_MCC,6.051,LOW,0.73,6.051,0
T-445,3789,EUR,RO,DE,EU,Credit,VISA,card_present,POS,POS,5732,False,07,2026-05-20T10:00:00,2026-05-25T10:00:00,5,Ecom Non-Secure Credit,MCC classification,0.015,56.835,FIX_MCC,7.2309,HIGH,0.93,7.2309,1
T-446,239,RON,RO,FR,EEA,Debit,MASTERCARD,card_present,POS,POS,5411,False,07,2026-05-21T10:00:00,2026-05-22T10:00:00,1,Ecom Non-Secure Credit,3DS authentication,0.025,5.975,ENABLE_3DS,1.2449,LOW,0.41,1.2449,1
T-447,1268,RON,FR,ES,EEA,Credit,MASTERCARD,card_not_present,MOTO,MOTO,5732,True,05,2026-05-15T10:00:00,2026-05-18T10:00:00,3,Ecom Non-Secure Credit,MCC classification,0.015,19.02,FIX_MCC,1.3427,HIGH,0.85,1.3427,1
T-448,3557,EUR,IT,IT,EEA,Debit,VISA,card_present,POS,POS,5812,True,05,2026-05-19T10:00:00,2026-05-23T10:00:00,4,Ecom Non-Secure Credit,clearing time,0.025,88.925,OPTIMIZE_CLEARING,13.029,MEDIUM,0.67,13.029,1
T-449,4552,EUR,IT,IT,EU,Debit,MASTERCARD,card_present,POS,POS,5812,False,07,2026-05-21T10:00:00,2026-05-24T10:00:00,3,Ecom Non-Secure Credit,3DS authentication,0.015,68.28,ENABLE_3DS,20.8696,MEDIUM,0.52,20.8696,1
T-450,1921,EUR,IT,IT,EEA,Commercial,VISA,card_not_present,eCommerce,eCommerce,5812,True,05,2026-05-19T10:00:00,2026-05-24T10:00:00,5,Ecom Non-Secure Credit,MCC classification,0.0125,24.0125,FIX_MCC,7.233,MEDIUM,0.75,7.233,1
T-451,726,EUR,IT,FR,EU,Debit,VISA,card_present,POS,POS,5732,True,05,2026-05-05T10:00:00,2026-05-06T10:00:00,1,Ecom Secure Preferred Credit,MCC classification,0.003,2.178,FIX_MCC,1.0665,MEDIUM,0.53,1.0665,1
T-452,1319,RON,ES,DE,EU,Debit,MASTERCARD,card_not_present,MOTO,MOTO,5411,False,07,2026-05-02T10:00:00,2026-05-09T10:00:00,7,Ecom Secure Preferred Credit,3DS authentication,0.002,2.638,ENABLE_3DS,7.5034,MEDIUM,0.8,7.5034,1
T-453,4583,EUR,RO,RO,EU,Credit,VISA,card_not_present,eCommerce,eCommerce,5732,False,07,2026-05-17T10:00:00,2026-05-21T10:00:00,4,Standard Credit,clearing time,0.025,114.575,OPTIMIZE_CLEARING,10.5978,LOW,0.87,10.5978,0
T-454,2982,EUR,RO,DE,EEA,Prepaid,VISA,card_not_present,MOTO,MOTO,5732,False,07,2026-05-10T10:00:00,2026-05-15T10:00:00,5,Ecom Non-Secure Credit,3DS authentication,0.015,44.73,ENABLE_3DS,23.2889,MEDIUM,0.93,23.2889,1
T-455,73,EUR,FR,IT,EEA,Debit,VISA,card_present,POS,POS,5812,False,07,2026-05-11T10:00:00,2026-05-13T10:00:00,2,Ecom Secure Preferred Credit,3DS authentication,0.0185,1.3505,ENABLE_3DS,0.3545,LOW,0.39,0.3545,1
T-456,3532,EUR,DE,RO,EU,Credit,MASTERCARD,card_present,POS,POS,5411,True,05,2026-05-15T10:00:00,2026-05-22T10:00:00,7,Ecom Secure Preferred Credit,clearing time,0.0185,65.342,OPTIMIZE_CLEARING,15.4837,LOW,0.58,15.4837,1
T-457,3241,EUR,IT,IT,EEA,Prepaid,MASTERCARD,card_not_present,MOTO,MOTO,5732,False,07,2026-05-21T10:00:00,2026-05-22T10:00:00,1,Ecom Secure Preferred Credit,3DS authentication,0.0185,59.9585,ENABLE_3DS,13.9008,HIGH,0.7,13.9008,1
T-458,1223,EUR,DE,FR,EU,Credit,MASTERCARD,card_present,POS,POS,5411,False,07,2026-05-15T10:00:00,2026-05-20T10:00:00,5,Standard Credit,MCC classification,0.003,3.669,FIX_MCC,4.4795,HIGH,0.78,4.4795,1
T-459,1052,RON,RO,RO,EEA,Debit,MASTERCARD,card_not_present,MOTO,MOTO,5812,False,07,2026-05-10T10:00:00,2026-05-11T10:00:00,1,Ecom Secure Preferred Credit,MCC classification,0.002,2.104,FIX_MCC,2.6668,HIGH,0.37,2.6668,1
T-460,511,EUR,ES,RO,EEA,Prepaid,VISA,card_present,POS,POS,5812,False,07,2026-05-21T10:00:00,2026-05-25T10:00:00,4,Standard Credit,clearing time,0.0125,6.3875,OPTIMIZE_CLEARING,1.2118,HIGH,0.76,1.2118,0
T-461,4388,RON,RO,FR,EU,Prepaid,MASTERCARD,card_not_present,eCommerce,eCommerce,5732,False,07,2026-05-12T10:00:00,2026-05-14T10:00:00,2,Ecom Non-Secure Credit,MCC classification,0.0125,54.85,FIX_MCC,13.1674,HIGH,0.58,13.1674,0
T-462,3395,EUR,RO,FR,EEA,Commercial,MASTERCARD,card_not_present,eCommerce,eCommerce,5812,False,07,2026-05-02T10:00:00,2026-05-05T10:00:00,3,Ecom Secure Preferred Credit,3DS authentication,0.003,10.185,ENABLE_3DS,21.6644,HIGH,0.58,21.6644,1
T-463,3625,EUR,DE,ES,EU,Debit,MASTERCARD,card_present,POS,POS,5411,False,07,2026-05-14T10:00:00,2026-05-21T10:00:00,7,Ecom Non-Secure Credit,MCC classification,0.003,10.875,FIX_MCC,5.1948,HIGH,0.4,5.1948,0
T-464,4599,RON,ES,DE,EU,Prepaid,MASTERCARD,card_not_present,eCommerce,eCommerce,5411,False,07,2026-05-20T10:00:00,2026-05-27T10:00:00,7,Ecom Secure Preferred Credit,clearing time,0.015,68.985,OPTIMIZE_CLEARING,10.7203,MEDIUM,0.62,10.7203,1
T-465,1190,RON,DE,IT,EU,Credit,MASTERCARD,card_not_present,MOTO,MOTO,5732,False,07,2026-05-14T10:00:00,2026-05-14T10:00:00,0,Ecom Non-Secure Credit,3DS authentication,0.0125,14.875,ENABLE_3DS,10.0499,MEDIUM,0.61,10.0499,1
T-466,2557,EUR,IT,IT,EU,Prepaid,VISA,card_present,POS,POS,5812,True,05,2026-05-11T10:00:00,2026-05-18T10:00:00,7,Standard Credit,MCC classification,0.015,38.355,FIX_MCC,6.2025,HIGH,0.57,6.2025,0
T-467,1927,RON,RO,ES,EEA,Credit,VISA,card_present,POS,POS,5732,True,05,2026-05-18T10:00:00,2026-05-18T10:00:00,0,Standard Credit,clearing time,0.025,48.175,OPTIMIZE_CLEARING,8.9993,HIGH,0.67,8.9993,1
T-468,453,RON,RO,FR,EU,Debit,MASTERCARD,card_not_present,MOTO,MOTO,5732,True,05,2026-05-07T10:00:00,2026-05-14T10:00:00,7,Standard Credit,MCC classification,0.015,6.795,FIX_MCC,1.1361,HIGH,0.51,1.1361,0
T-469,4844,RON,ES,FR,EEA,Prepaid,VISA,card_present,POS,POS,5732,False,07,2026-05-01T10:00:00,2026-05-03T10:00:00,2,Ecom Non-Secure Credit,3DS authentication,0.015,72.66,ENABLE_3DS,23.7479,HIGH,0.41,23.7479,1
T-470,1199,RON,RO,ES,EEA,Debit,VISA,card_present,POS,POS,5812,False,07,2026-05-03T10:00:00,2026-05-04T10:00:00,1,Ecom Non-Secure Credit,3DS authentication,0.0125,14.9875,ENABLE_3DS,10.5042,MEDIUM,0.55,10.5042,1
T-471,2641,RON,RO,DE,EU,Debit,MASTERCARD,card_present,POS,POS,5812,False,07,2026-05-11T10:00:00,2026-05-13T10:00:00,2,Standard Credit,3DS authentication,0.015,39.615,ENABLE_3DS,22.9975,MEDIUM,0.92,22.9975,1
T-472,2226,RON,IT,DE,EU,Prepaid,VISA,card_present,POS,POS,5732,False,07,2026-05-15T10:00:00,2026-05-19T10:00:00,4,Standard Credit,3DS authentication,0.015,33.39,ENABLE_3DS,9.6325,HIGH,0.81,9.6325,1
T-473,2515,RON,DE,ES,EEA,Commercial,VISA,card_present,POS,POS,5732,False,07,2026-05-15T10:00:00,2026-05-15T10:00:00,0,Ecom Secure Preferred Credit,MCC classification,0.025,62.875,FIX_MCC,6.2908,HIGH,0.49,6.2908,0
T-474,1391,EUR,FR,DE,EEA,Credit,VISA,card_not_present,eCommerce,eCommerce,5812,False,07,2026-05-16T10:00:00,2026-05-18T10:00:00,2,Standard Credit,3DS authentication,0.0185,25.7335,ENABLE_3DS,7.3089,HIGH,0.35,7.3089,1
T-475,754,RON,ES,ES,EEA,Prepaid,MASTERCARD,card_not_present,MOTO,MOTO,5812,False,07,2026-05-04T10:00:00,2026-05-11T10:00:00,7,Ecom Secure Preferred Credit,clearing time,0.003,2.262,OPTIMIZE_CLEARING,3.1481,MEDIUM,0.46,3.1481,1
T-476,2654,EUR,RO,RO,EU,Commercial,MASTERCARD,card_not_present,eCommerce,eCommerce,5411,True,05,2026-05-15T10:00:00,2026-05-19T10:00:00,4,Standard Credit,clearing time,0.0125,33.175,OPTIMIZE_CLEARING,5.4344,LOW,0.81,5.4344,0
T-477,655,EUR,DE,RO,EU,Commercial,MASTERCARD,card_not_present,eCommerce,eCommerce,5732,False,07,2026-05-15T10:00:00,2026-05-20T10:00:00,5,Ecom Secure Preferred Credit,MCC classification,0.002,1.31,FIX_MCC,1.3486,LOW,0.44,1.3486,1
T-478,182,RON,IT,FR,EU,Prepaid,MASTERCARD,card_not_present,MOTO,MOTO,5812,True,05,2026-05-12T10:00:00,2026-05-13T10:00:00,1,Standard Credit,clearing time,0.002,0.364,OPTIMIZE_CLEARING,0.8097,HIGH,0.44,0.8097,1
T-479,1626,RON,ES,ES,EU,Credit,VISA,card_present,POS,POS,5812,True,05,2026-05-04T10:00:00,2026-05-11T10:00:00,7,Ecom Non-Secure Credit,MCC classification,0.0125,20.325,FIX_MCC,4.4021,LOW,0.47,4.4021,1
T-480,4688,EUR,ES,IT,EU,Commercial,VISA,card_not_present,MOTO,MOTO,5411,False,07,2026-05-09T10:00:00,2026-05-10T10:00:00,1,Ecom Secure Preferred Credit,3DS authentication,0.025,117.2,ENABLE_3DS,19.2939,MEDIUM,0.48,19.2939,1
T-481,4265,EUR,IT,ES,EEA,Prepaid,VISA,card_present,POS,POS,5411,True,05,2026-05-12T10:00:00,2026-05-16T10:00:00,4,Ecom Non-Secure Credit,clearing time,0.002,8.53,OPTIMIZE_CLEARING,19.8383,MEDIUM,0.35,19.8383,0
T-482,4704,RON,DE,DE,EEA,Prepaid,VISA,card_not_present,MOTO,MOTO,5812,False,07,2026-05-08T10:00:00,2026-05-13T10:00:00,5,Standard Credit,3DS authentication,0.015,70.56,ENABLE_3DS,41.3429,LOW,0.32,41.3429,1
T-483,3558,EUR,DE,FR,EU,Prepaid,VISA,card_not_present,MOTO,MOTO,5732,False,07,2026-05-21T10:00:00,2026-05-23T10:00:00,2,Standard Credit,3DS authentication,0.0125,44.475,ENABLE_3DS,18.6289,HIGH,0.59,18.6289,1
T-484,803,EUR,RO,DE,EU,Commercial,VISA,card_present,POS,POS,5411,False,07,2026-05-19T10:00:00,2026-05-19T10:00:00,0,Standard Credit,MCC classification,0.002,1.606,FIX_MCC,3.1506,HIGH,0.58,3.1506,0
T-485,854,EUR,DE,ES,EU,Commercial,MASTERCARD,card_not_present,eCommerce,eCommerce,5411,True,05,2026-05-18T10:00:00,2026-05-18T10:00:00,0,Ecom Secure Preferred Credit,MCC classification,0.0125,10.675,FIX_MCC,3.0315,HIGH,0.7,3.0315,1
T-486,2802,RON,RO,ES,EU,Debit,VISA,card_not_present,MOTO,MOTO,5812,True,05,2026-05-01T10:00:00,2026-05-04T10:00:00,3,Standard Credit,MCC classification,0.0185,51.837,FIX_MCC,5.5608,MEDIUM,0.53,5.5608,0
T-487,3963,RON,FR,ES,EEA,Prepaid,MASTERCARD,card_not_present,MOTO,MOTO,5812,True,05,2026-05-15T10:00:00,2026-05-16T10:00:00,1,Standard Credit,MCC classification,0.003,11.889,FIX_MCC,5.5998,LOW,0.4,5.5998,0
T-488,2548,RON,ES,ES,EU,Commercial,MASTERCARD,card_present,POS,POS,5732,True,05,2026-05-10T10:00:00,2026-05-12T10:00:00,2,Ecom Non-Secure Credit,MCC classification,0.002,5.096,FIX_MCC,6.5052,HIGH,0.89,6.5052,0
T-489,580,EUR,IT,FR,EU,Credit,MASTERCARD,card_not_present,eCommerce,eCommerce,5732,False,07,2026-05-16T10:00:00,2026-05-21T10:00:00,5,Ecom Secure Preferred Credit,clearing time,0.025,14.5,OPTIMIZE_CLEARING,2.8685,LOW,0.9,2.8685,1
T-490,1847,RON,IT,DE,EU,Prepaid,VISA,card_not_present,eCommerce,eCommerce,5732,False,07,2026-05-15T10:00:00,2026-05-19T10:00:00,4,Ecom Secure Preferred Credit,MCC classification,0.003,5.541,FIX_MCC,3.1714,LOW,0.66,3.1714,1
T-491,1186,RON,DE,DE,EEA,Debit,VISA,card_present,POS,POS,5411,True,05,2026-05-07T10:00:00,2026-05-12T10:00:00,5,Standard Credit,clearing time,0.0185,21.941,OPTIMIZE_CLEARING,5.6194,LOW,0.52,5.6194,1
T-492,4562,RON,RO,DE,EEA,Credit,MASTERCARD,card_not_present,eCommerce,eCommerce,5732,False,07,2026-05-07T10:00:00,2026-05-07T10:00:00,0,Ecom Secure Preferred Credit,3DS authentication,0.003,13.686,ENABLE_3DS,37.4741,MEDIUM,0.46,37.4741,1
T-493,3070,RON,DE,DE,EU,Commercial,MASTERCARD,card_not_present,eCommerce,eCommerce,5411,True,05,2026-05-17T10:00:00,2026-05-24T10:00:00,7,Standard Credit,MCC classification,0.0185,56.795,FIX_MCC,11.1901,MEDIUM,0.94,11.1901,0
T-494,2023,RON,FR,DE,EU,Prepaid,VISA,card_not_present,MOTO,MOTO,5812,False,07,2026-05-19T10:00:00,2026-05-20T10:00:00,1,Standard Credit,3DS authentication,0.0185,37.4255,ENABLE_3DS,11.0677,MEDIUM,0.44,11.0677,1
T-495,686,EUR,DE,FR,EEA,Commercial,MASTERCARD,card_not_present,MOTO,MOTO,5411,False,07,2026-05-20T10:00:00,2026-05-20T10:00:00,0,Ecom Secure Preferred Credit,clearing time,0.003,2.058,OPTIMIZE_CLEARING,2.4187,HIGH,0.56,2.4187,1
T-496,4803,RON,FR,IT,EEA,Debit,MASTERCARD,card_not_present,eCommerce,eCommerce,5411,False,07,2026-05-07T10:00:00,2026-05-08T10:00:00,1,Standard Credit,MCC classification,0.003,14.409,FIX_MCC,11.317,LOW,0.39,11.317,0
T-497,708,EUR,IT,IT,EEA,Commercial,MASTERCARD,card_present,POS,POS,5411,False,07,2026-05-17T10:00:00,2026-05-19T10:00:00,2,Ecom Secure Preferred Credit,clearing time,0.003,2.124,OPTIMIZE_CLEARING,2.6563,MEDIUM,0.55,2.6563,1
T-498,1491,RON,FR,DE,EU,Credit,VISA,card_not_present,eCommerce,eCommerce,5411,False,07,2026-05-09T10:00:00,2026-05-14T10:00:00,5,Ecom Non-Secure Credit,clearing time,0.002,2.982,OPTIMIZE_CLEARING,4.5882,HIGH,0.43,4.5882,0
T-499,1630,RON,ES,FR,EU,Prepaid,MASTERCARD,card_present,POS,POS,5411,True,05,2026-05-09T10:00:00,2026-05-11T10:00:00,2,Ecom Secure Preferred Credit,MCC classification,0.025,40.75,FIX_MCC,5.6181,MEDIUM,0.83,5.6181,1
T-500,117,RON,IT,DE,EEA,Commercial,MASTERCARD,card_not_present,MOTO,MOTO,5732,True,05,2026-05-17T10:00:00,2026-05-24T10:00:00,7,Ecom Secure Preferred Credit,clearing time,0.003,0.351,OPTIMIZE_CLEARING,0.5378,LOW,0.58,0.5378,0
